attempt,label,selectable,eligible,development_score,audit_sharpe,audit_return,audit_trades
1,baseline,True,True,0.6876450680244969,-0.10182190048235543,-0.03171473786993906,124.0
2,zero_fees_diagnostic,False,False,1.0550463834305883,0.4765096428806448,0.08641335795989158,124.0
3,zero_slippage_diagnostic,False,False,0.8676110706901314,0.17464800523878157,0.021889940891864912,124.0
4,zero_funding_diagnostic,False,False,0.7059220821773418,-0.09766954130007027,-0.030912803094434227,124.0
5,zero_all_costs_diagnostic,False,False,1.2488855559972285,0.7594871053435037,0.15162946940915667,124.0
6,double_costs_stress,False,False,0.14084947890042565,-1.3669758280235418,-0.22177888095500053,117.0
7,long_only_diagnostic,False,False,0.9257597261362817,-0.6315178345532118,-0.08714499440766088,70.0
8,short_only_diagnostic,False,False,0.22233763852004831,0.4672112638694733,0.06072760946873612,54.0
9,risk_3pct_diagnostic,False,False,0.7706227280433268,-0.02295507324797219,-0.027922407960189632,124.0
10,trailing_off,True,True,0.1694981645452236,0.051714054361547024,-0.012702465014062136,89.0
11,trailing_width_3,True,True,0.5111861672148871,-0.4772934352275922,-0.119413450910419,112.0
12,trailing_width_4,True,True,0.21301317124976926,0.155188537444499,0.018495579764860937,98.0
13,trailing_width_6,True,True,0.3945633417915265,0.18009318052303588,0.024955469148620457,91.0
14,trailing_activation_0.5R,True,True,0.8666606829031016,-0.21372258561367563,-0.06877159410316613,101.0
15,trailing_activation_1.0R,True,True,0.22177791577606687,-0.44639190699430775,-0.1152835957413092,76.0
16,trailing_activation_2.0R,True,True,0.1694981645452236,0.051714054361547024,-0.012702465014062136,89.0
17,target_off,True,True,0.6814127997862942,0.20492851004310406,0.02921728384224953,115.0
18,target_3R,True,True,0.7582008061909508,0.28525199561679404,0.045964328319803016,120.0
19,target_4R,True,True,0.6640980834359612,0.24350830981573443,0.0387290946530896,117.0
20,initial_stop_2ATR,True,True,0.6400742862091524,-0.8388517181782031,-0.19984926401014058,144.0
21,initial_stop_3ATR,True,True,0.7768568192232829,0.09954386182836227,0.005690240630478405,130.0
22,initial_stop_5ATR,True,True,0.6105033554246525,0.01650098737895903,-0.0059543639659414005,122.0
23,ADX_15,True,True,0.11431531148815954,-0.027819123692084433,-0.017103068669445,119.0
24,ADX_20,True,True,-0.35532272519845026,-0.0745058518452049,-0.023796550687315343,103.0
25,ADX_25,True,True,-0.3223283313561994,-0.3571666871834033,-0.060606595379528505,74.0
26,cooldown_6h,True,True,0.28025383823134237,-0.31725998091818475,-0.06489927548852159,116.0
27,cooldown_12h,True,True,0.4796444085720651,-0.21105949401194474,-0.0456389699160934,107.0
28,pullback_EMA20,True,False,-1.598366445980882,-1.5262397774836802,-0.23938999474412448,128.0
29,anchor_EMA20_100,True,True,0.3832263056887504,-0.1511948649749264,-0.03748197638446005,102.0
30,breakout_72h,True,True,0.09086334618657474,-0.2219510645583603,-0.06165333143506435,168.0
31,targeted_31,True,True,-0.13937431001459538,,,
32,targeted_32,True,True,-0.25113814729590794,,,
33,targeted_33,True,True,0.575754082806583,,,
34,targeted_34,True,True,0.2414203370463835,,,
35,targeted_35,True,True,0.5488897120984558,,,
36,targeted_36,True,True,-0.34427074381478606,,,
37,targeted_37,True,False,-1.1878138467546069,,,
38,targeted_38,True,True,0.4158285311780716,,,
39,targeted_39,True,True,-0.05498647807907878,,,
40,targeted_40,True,True,0.5783727831457836,,,
41,targeted_41,True,True,-0.17496129910577146,,,
42,targeted_42,True,True,0.6753127513685282,,,
43,targeted_43,True,True,0.2929312111010271,,,
44,targeted_44,True,False,-0.4362096534326797,,,
45,targeted_45,True,True,0.4840673606497514,,,
46,targeted_46,True,True,-0.08580295002992172,,,
47,targeted_47,True,True,-0.10494091829909523,,,
48,targeted_48,True,True,0.31464304319066483,,,
49,targeted_49,True,True,0.7006581918529232,,,
50,targeted_50,True,True,0.6870015370155069,,,
51,targeted_51,True,True,0.6246490597662882,,,
52,targeted_52,True,True,0.06075671751665607,,,
53,targeted_53,True,True,-0.005052775558710837,,,
54,targeted_54,True,False,-1.8763179654939695,,,
55,targeted_55,True,True,0.6290279451916564,,,
56,targeted_56,True,False,-0.2478340473498787,,,
57,targeted_57,True,True,-0.12838927112634896,,,
58,targeted_58,True,True,-0.15340041200094282,,,
59,targeted_59,True,True,-0.1731848465224704,,,
60,targeted_60,True,True,0.09327433775844948,,,
61,targeted_61,True,True,0.8331985280907925,,,
62,targeted_62,True,True,-0.3057577149362948,,,
63,targeted_63,True,False,0.14842510183941088,,,
64,targeted_64,True,True,0.4358041918649618,,,
65,targeted_65,True,False,-0.5273386712142782,,,
66,targeted_66,True,True,0.6127995780849265,,,
67,targeted_67,True,True,-0.20117182465777936,,,
68,targeted_68,True,True,0.12623719130149816,,,
69,targeted_69,True,True,-0.28198246127872983,,,
70,targeted_70,True,False,-0.23496086105659542,,,
71,targeted_71,True,True,-0.34968405605374947,,,
72,targeted_72,True,True,0.028139343936986028,,,
73,targeted_73,True,False,-1.095080277686163,,,
74,targeted_74,True,True,0.6620825620973181,,,
75,targeted_75,True,True,-0.6522172890750446,,,
76,targeted_76,True,True,0.16145724170511244,,,
77,targeted_77,True,True,0.42313854559696995,,,
78,targeted_78,True,True,-1.195055511554721,,,
79,targeted_79,True,False,-1.6326436522357382,,,
80,targeted_80,True,True,-0.2811446679988291,,,
81,targeted_81,True,True,0.23058474426772624,,,
82,targeted_82,True,True,-0.049874760728770715,,,
83,targeted_83,True,True,0.6994880979366265,,,
84,targeted_84,True,True,-1.0381382089675342,,,
85,targeted_85,True,False,-0.5450292066268718,,,
86,targeted_86,True,True,0.08390741779912167,,,
87,targeted_87,True,True,-0.033291568281613365,,,
88,targeted_88,True,True,0.1960975913205403,,,
89,targeted_89,True,True,0.3065820483212917,,,
90,targeted_90,True,True,-0.027410027302562548,,,
91,targeted_91,True,True,0.6728330574774587,,,
92,targeted_92,True,True,0.3996481409827287,,,
93,targeted_93,True,False,0.31769241588690333,,,
94,targeted_94,True,True,-0.5357109084204142,,,
95,targeted_95,True,True,-1.2852778195544714,,,
96,targeted_96,True,True,0.5317902930447778,,,
97,targeted_97,True,True,0.48826842585024466,,,
98,targeted_98,True,True,-0.11731768147844802,,,
99,targeted_99,True,True,-0.218130015648121,,,
100,targeted_100,True,True,0.43915229829767116,,,
101,targeted_101,True,True,-0.9622062530895127,,,
102,targeted_102,True,True,-0.2535569842340373,,,
103,targeted_103,True,True,0.1319999868815493,,,
104,targeted_104,True,True,1.0003057467252336,,,
105,targeted_105,True,True,-0.299676419385657,,,
106,targeted_106,True,True,-0.29096376242212485,,,
107,targeted_107,True,True,-0.06328524507890526,,,
108,targeted_108,True,False,-0.408709186943509,,,
109,targeted_109,True,False,-0.3956321041749799,,,
110,targeted_110,True,False,-1.474995052617079,,,
111,targeted_111,True,True,0.04194852066958327,,,
112,targeted_112,True,True,-0.14699652405741864,,,
113,targeted_113,True,True,0.9127598449562138,,,
114,targeted_114,True,True,-0.38540393694834996,,,
115,targeted_115,True,True,0.08484503651584031,,,
116,targeted_116,True,True,-0.14735285928961953,,,
117,targeted_117,True,False,0.29594758810897254,,,
118,targeted_118,True,True,-0.7829238416305768,,,
119,targeted_119,True,True,0.36114628784133107,,,
120,targeted_120,True,True,0.008804651112550285,,,
121,targeted_121,True,True,0.36939315008516566,,,
122,targeted_122,True,True,-0.4125091349315103,,,
123,targeted_123,True,True,-0.33747405789184604,,,
124,targeted_124,True,False,-1.251374887237263,,,
125,targeted_125,True,True,-0.20603237255560047,,,
126,targeted_126,True,True,-0.47944460842012254,,,
127,targeted_127,True,True,-0.46606804423347437,,,
128,targeted_128,True,False,-0.8678886832908425,,,
129,targeted_129,True,False,0.2654854413644085,,,
130,targeted_130,True,True,0.6990744024208801,,,
131,targeted_131,True,True,0.5403720775300032,,,
132,targeted_132,True,True,0.025116875147240952,,,
133,targeted_133,True,True,0.21923342215100045,,,
134,targeted_134,True,True,0.25938725209079416,,,
135,targeted_135,True,True,0.31102229418800087,,,
136,targeted_136,True,True,-1.003505346174911,,,
137,targeted_137,True,True,0.16984778305393253,,,
138,targeted_138,True,True,0.586453407985656,,,
139,targeted_139,True,False,0.10636178406419691,,,
140,targeted_140,True,True,-0.8558532672515281,,,
141,targeted_141,True,True,0.7868782588954477,,,
142,targeted_142,True,False,-0.22919587638597283,,,
143,targeted_143,True,False,-0.7987591001026733,,,
144,targeted_144,True,True,0.2203457179216417,,,
145,targeted_145,True,True,-0.18654459397496143,,,
146,targeted_146,True,True,0.1694981645452236,,,
147,targeted_147,True,True,-0.38205536886878055,,,
148,targeted_148,True,True,0.5039657711309724,,,
149,targeted_149,True,True,0.829999558703109,,,
150,targeted_150,True,False,0.17882237112213184,,,
151,targeted_151,True,True,0.7220779231812007,,,
152,targeted_152,True,True,-0.35809056925716143,,,
153,targeted_153,True,True,-0.2635006259663113,,,
154,targeted_154,True,True,0.12188248662607007,,,
155,targeted_155,True,False,-0.23514055559961533,,,
156,targeted_156,True,False,-0.9024447707386835,,,
157,targeted_157,True,True,0.37631437431937564,,,
158,targeted_158,True,True,-0.2948402097976618,,,
159,targeted_159,True,True,0.7718076068612454,,,
160,targeted_160,True,True,-0.38467948350302955,,,
161,targeted_161,True,False,-1.9609609952014793,,,
162,targeted_162,True,True,0.43783327576288933,,,
163,targeted_163,True,True,-0.08486333975976629,,,
164,targeted_164,True,True,0.49181443863346813,,,
165,targeted_165,True,True,-0.36763097476595386,,,
166,targeted_166,True,True,0.45488003406330824,,,
167,targeted_167,True,False,-1.3897961280707936,,,
168,targeted_168,True,True,0.26030919094926375,,,
169,targeted_169,True,True,-1.1572806790828145,,,
170,targeted_170,True,True,0.6495476791454213,,,
171,targeted_171,True,True,0.6984575585372353,,,
172,targeted_172,True,True,0.7225154736539501,,,
173,targeted_173,True,True,-0.09254327252367875,,,
174,targeted_174,True,True,0.7982278041391487,,,
175,targeted_175,True,True,0.19529792361870793,,,
176,targeted_176,True,True,0.2505873331101932,,,
177,targeted_177,True,True,0.46160017152478106,,,
178,targeted_178,True,True,-1.3733595021893255,,,
179,targeted_179,True,True,0.8924556549256926,,,
180,targeted_180,True,True,0.5917275927023756,,,
181,targeted_181,True,True,0.03424562956449953,,,
182,targeted_182,True,True,0.8972768830284932,,,
183,targeted_183,True,True,-0.7205240094929845,,,
184,targeted_184,True,False,-0.46130461094593234,,,
185,targeted_185,True,True,-0.011756828075566633,,,
186,targeted_186,True,True,-0.31753526798361176,,,
187,targeted_187,True,False,-0.6834850202573435,,,
188,targeted_188,True,False,-1.3319092164677708,,,
189,targeted_189,True,True,-0.3894932682200335,,,
190,targeted_190,True,False,-0.9979869046488585,,,
191,targeted_191,True,True,0.31877024164631307,,,
192,targeted_192,True,False,0.3438504350819548,,,
193,targeted_193,True,False,-1.7741488148047044,,,
194,targeted_194,True,False,0.13143392532756687,,,
195,targeted_195,True,False,-0.020294412911931153,,,
196,targeted_196,True,True,0.035535883596917395,,,
197,targeted_197,True,True,0.7767270315177113,,,
198,targeted_198,True,False,-0.14669636133989555,,,
199,targeted_199,True,True,0.6945781349412302,,,
200,targeted_200,True,True,-0.09382371884746761,,,
