time,gross_return,net_return,gross_nav,net_nav,price_pnl,fee,sampled_spread_cost,funding_cost,turnover
2025-03-01 00:00:00+00:00,0.020205684478823916,0.019756734296792193,10202.05684478824,10197.567342967923,202.05684478823915,5.0,0.004884780246233017,-0.5153829599290001,1.0
2025-03-02 00:00:00+00:00,0.09558791915581435,0.09567901727087076,11177.25022969088,11173.260564896618,975.1933849026407,0.0,0.0,-0.4998370260549726,0.0
2025-03-03 00:00:00+00:00,-0.08543542890598392,-0.08556558246545545,10222.317062327733,10217.214016622935,-954.9331673631476,0.0,0.0,1.1133809105353243,0.0
2025-03-04 00:00:00+00:00,0.012210679154518542,0.012187507297766248,10347.138496191577,10341.736387013367,124.82143386384448,0.0,0.0,0.2990634734128617,0.0
2025-03-05 00:00:00+00:00,0.03815620177198399,0.03827817067389125,10741.946000414926,10737.599137499856,394.8075042233488,0.0,0.0,-1.0552462631402304,0.0
2025-03-06 00:00:00+00:00,-0.0074748099016676,-0.007565412828177578,10661.651996087845,10656.364767241186,-80.29400432708016,0.0,0.0,0.9403659315897467,0.0
2025-03-07 00:00:00+00:00,-0.03501245917826135,-0.034910089438130947,10288.36134080199,10284.350120131448,-373.29065528585437,0.0,0.0,-1.2760081761170974,0.0
2025-03-08 00:00:00+00:00,-0.0062856556843414015,-0.006247688644840946,10223.69224385762,10220.096702666335,-64.66909694437035,0.0,0.0,-0.4156794792564826,0.0
2025-03-09 00:00:00+00:00,-0.06383509161705661,-0.06390659591478867,9571.061912806377,9566.965112478973,-652.6303310512423,0.0,0.0,0.5012591361193368,0.0
2025-03-10 00:00:00+00:00,-0.02647573583966171,-0.026565330361355177,9317.661005897868,9312.81552371041,-253.40090690850894,0.0,0.0,0.7486818600544404,0.0
2025-03-11 00:00:00+00:00,0.055311412169452234,0.0552663336563416,9833.033994250318,9827.500693723747,515.3729883524499,0.0,0.0,0.6878183391127222,0.0
2025-03-12 00:00:00+00:00,0.00901691621224408,0.009035038713799915,9921.697637888621,9916.292542951436,88.66364363830286,0.0,0.0,-0.12820558938671855,0.0
2025-03-13 00:00:00+00:00,-0.030709028342016036,-0.030803037670545586,9617.011943925785,9610.840610198753,-304.6856939628352,0.0,0.0,0.7662387898481786,0.0
2025-03-14 00:00:00+00:00,0.035330779974335,0.03516670991230901,9956.788476927179,9948.822253951052,339.77653300139366,0.0,0.0,1.7948892490952264,0.0
2025-03-15 00:00:00+00:00,0.004239891413059079,0.004251418561793749,9999.004178892148,9991.118861549487,42.21570196496913,0.0,0.0,-0.08090563346509685,0.0
2025-03-16 00:00:00+00:00,-0.02096175073300919,-0.02093120604634988,9789.407545715894,9781.992694024822,-209.59663317625441,0.0,0.0,-0.47046565158948006,0.0
2025-03-17 00:00:00+00:00,0.017170827878768724,0.017187412328342103,9957.499777718502,9950.119835849857,168.0922320026074,0.0,0.0,-0.03490982242719831,0.0
2025-03-18 00:00:00+00:00,-0.015317760792437624,-0.015372070696483577,9804.973178032658,9797.16589029469,-152.52659968584283,0.0,0.0,0.4273458693247458,0.0
2025-03-19 00:00:00+00:00,0.05005718956223998,0.050169084776177555,10295.782579058117,10288.68073641116,490.80940102545935,0.0,0.0,-0.7054450910099235,0.0
2025-03-20 00:00:00+00:00,-0.030215032096491047,-0.03032411393845159,9984.695177973383,9976.685609483875,-311.0874010847344,0.0,0.0,0.9077258425496139,0.0
2025-03-21 00:00:00+00:00,-0.0016159404631016002,-0.0015622597090831246,9968.56050502356,9961.099435525988,-16.134672949822622,0.0,0.0,-0.5484989919365498,0.0
2025-03-22 00:00:00+00:00,-0.0028173101050932635,-0.0027251764686651065,9940.475978779525,9933.95368174226,-28.084526244036482,0.0,0.0,-0.9387724603077849,0.0
2025-03-23 00:00:00+00:00,0.02660452424794638,0.02660798989572605,10204.937612993093,10198.276220930667,264.4616342135684,0.0,0.0,0.13909502515976047,0.0
2025-03-24 00:00:00+00:00,0.016561107419506303,0.016630328833644716,10373.942681011233,10367.876908021084,169.00506801813887,0.0,0.0,-0.5956190722776946,0.0
2025-03-25 00:00:00+00:00,-0.000982780766751841,-0.0009582146208767798,10363.747369668949,10357.942256780367,-10.195311342283869,0.0,0.0,-0.26066010156732683,0.0
2025-03-26 00:00:00+00:00,-0.0057411966030968455,-0.00571510298378543,10304.247058474852,10298.745550082764,-59.500311194097236,0.0,0.0,-0.30360449649457055,0.0
2025-03-27 00:00:00+00:00,0.003445740799757015,0.003492411615036459,10339.752822975015,10334.713008662178,35.505764500163004,0.0,0.0,-0.46169407925108974,0.0
2025-03-28 00:00:00+00:00,-0.031980637113269546,-0.03201176788829374,10009.080940102547,10003.880574636754,-330.6718828724683,0.0,0.0,0.1605511529551772,0.0
2025-03-29 00:00:00+00:00,-0.021065011944933675,-0.02113001068853955,9798.23953054148,9792.498471167806,-210.84140956106813,0.0,0.0,0.5406939078796803,0.0
2025-03-30 00:00:00+00:00,-0.0029896939647141795,-0.0030981926499300872,9768.945792952196,9762.159424379983,-29.293737589283758,0.0,0.0,1.0453091985399543,0.0
2025-03-31 00:00:00+00:00,0.0018579307917746916,0.0017125138335187264,9787.0958181441,9778.877257439248,18.150025191903715,0.0,0.0,1.4321921326377869,0.0
2025-04-01 00:00:00+00:00,0.03156622244617632,0.03141595154864941,10096.037461841679,10086.089991559149,308.9416436975787,1.145702976934615e-15,1.3584425520931235e-18,1.7289095776776389,2.3412521921173374e-16
2025-04-02 00:00:00+00:00,-0.031106377682222075,-0.03126273118473115,9781.986307459769,9770.771271448028,-314.05115438191,0.0,0.0,1.2675657292109834,0.0
2025-04-03 00:00:00+00:00,0.008616771800978022,0.00846544582987218,9866.27545123144,9853.485206362542,84.28914377167247,0.0,0.0,1.5752088571578762,0.0
2025-04-04 00:00:00+00:00,0.008116600279965636,0.007953037104247903,9946.356065321124,9931.8503398149,80.0806140896832,0.0,0.0,1.715480637324094,0.0
2025-04-05 00:00:00+00:00,-0.004330154946364755,-0.004611413386787916,9903.286802406568,9886.050472202303,-43.069262914555345,0.0,0.0,2.730604698041194,0.0
2025-04-06 00:00:00+00:00,-0.061250923246908215,-0.061503076608070084,9296.701342580245,9278.027952659198,-606.5854598263238,0.0,0.0,1.4370597167818422,0.0
2025-04-07 00:00:00+00:00,0.00969395562356538,0.009665222985297244,9386.82315284076,9367.70216168547,90.12181026051358,0.0,0.0,0.4476012342415556,0.0
2025-04-08 00:00:00+00:00,-0.03597237693261703,-0.036074887805670176,9049.156812186955,9029.763357205733,-337.6663406538044,0.0,0.0,0.27246382593290475,0.0
2025-04-09 00:00:00+00:00,0.08257229284218012,0.08261790251547199,9796.366438457666,9775.783465989138,747.2096262707104,0.0,0.0,1.189517487306066,0.0
2025-04-10 00:00:00+00:00,-0.036652838755584845,-0.03687139372100416,9437.301798998255,9415.33670488337,-359.0646394594118,0.0,0.0,1.3821216463563564,0.0
2025-04-11 00:00:00+00:00,0.047936085219707054,0.04795446227832602,9889.68910227913,9866.844113735438,452.387303280875,0.0,0.0,0.879894428807037,0.0
2025-04-12 00:00:00+00:00,0.022185994102275213,0.022153195427428503,10109.10168637563,10085.426239638991,219.4125840965002,0.0,0.0,0.8304581929464474,0.0
2025-04-13 00:00:00+00:00,-0.017682074471578307,-0.017791835124161735,9930.35179751638,9905.98799882644,-178.74988885925174,0.0,0.0,0.6883519532996707,0.0
2025-04-14 00:00:00+00:00,0.009729600668536975,0.009569524831774756,10026.970155004303,10000.783596964473,96.61835748792272,0.0,0.0,1.8227593498903696,0.0
2025-04-15 00:00:00+00:00,-0.011000236462520619,-0.011102466606204755,9916.671112296619,9889.750231043294,-110.29904270768435,0.0,0.0,0.7343232134939818,0.0
2025-04-16 00:00:00+00:00,0.0045965551538799925,0.004655346869360561,9962.25363800718,9935.790448820138,45.582525710559864,0.0,0.0,-0.4576920662854205,0.0
2025-04-17 00:00:00+00:00,0.0108979569008294,0.010921827219657402,10070.821848789314,10044.307435392875,108.56821078213314,0.0,0.0,0.05122420939731617,0.0
2025-04-18 00:00:00+00:00,-0.005675109682294989,-0.005823928507984371,10013.668830206581,9985.810106976931,-57.15301858273215,0.0,0.0,1.3443098332117924,0.0
2025-04-19 00:00:00+00:00,0.007385062710287264,0.007269948168265847,10087.620402477705,10058.406428872799,73.95157227112452,0.0,0.0,1.3552503752570009,0.0
2025-04-20 00:00:00+00:00,0.0011928321949522627,0.0011181238910512744,10099.653240864238,10069.652973406824,12.032838386532708,0.0,0.0,0.7862938525063009,0.0
2025-04-21 00:00:00+00:00,0.02713834805870427,0.027061308015740127,10373.741145787033,10342.1509541318,274.0879049227943,0.0,0.0,1.5899241978187724,0.0
2025-04-22 00:00:00+00:00,0.06807488934930639,0.06825334151034373,11079.932426424832,11048.037315155685,706.1912806377992,0.0,0.0,0.30491961391419337,0.0
2025-04-23 00:00:00+00:00,0.0023710170978580142,0.0021658914400606477,11106.203135650996,11071.966164606052,26.27070922616471,0.0,0.0,2.341859775798391,0.0
2025-04-24 00:00:00+00:00,0.002951423728379352,0.002793510634469373,11138.982247117758,11102.895819831365,32.77911146676151,0.0,0.0,1.8494562414494324,0.0
2025-04-25 00:00:00+00:00,0.006830558928736645,0.006636924545700016,11215.067721762847,11176.584901626355,76.08547464508918,0.0,0.0,2.396392850100287,0.0
2025-04-26 00:00:00+00:00,-0.00021035518314108039,-0.00040999911081512555,11212.708574138296,11172.002511754737,-2.359147624551043,0.0,0.0,2.22324224706552,0.0
2025-04-27 00:00:00+00:00,-0.009240658899156283,-0.009418026841296955,11109.09575886904,11066.784292227994,-103.61281526925701,0.0,0.0,1.6054042574861176,0.0
2025-04-28 00:00:00+00:00,0.013359585094122097,0.013328488991524822,11257.508668978402,11214.287804838536,148.41291010936183,0.0,0.0,0.9093974988211855,0.0
2025-04-29 00:00:00+00:00,-0.008044448235518297,-0.008125243286075567,11166.948223229907,11123.168988144153,-90.56044574849523,0.0,0.0,0.5583709458882001,0.0
2025-04-30 00:00:00+00:00,-0.0008885727631746257,-0.0008972105239082179,11157.025577190963,11113.18916386878,-9.922646038943375,0.0,0.0,0.0571782364290806,0.0
2025-05-01 00:00:00+00:00,0.024767219587662762,0.02488964969569995,11433.354079606423,11389.792549159522,276.32850241545844,2.612141059010753e-15,3.1660588937204892e-18,-0.27488287528410926,4.682504384234673e-16
2025-05-02 00:00:00+00:00,0.004082195530633544,0.004047070603207043,11480.027266530342,11435.887843761851,46.67318692392014,0.0,0.0,0.5778923215900325,0.0
2025-05-03 00:00:00+00:00,-0.010707695103829162,-0.010747490379332942,11357.10263477669,11312.98074918189,-122.92463175365222,0.0,0.0,-0.017537173691186365,0.0
2025-05-04 00:00:00+00:00,-0.016366388308976975,-0.016559478054304945,11171.227882991028,11125.643692737038,-185.8747517856608,0.0,0.0,1.462304659191034,0.0
2025-05-05 00:00:00+00:00,0.004902787903485117,0.004836345275440752,11225.998043922833,11179.451147046644,54.77016093180407,0.0,0.0,0.9627066221980898,0.0
2025-05-06 00:00:00+00:00,0.022048892169628246,0.02216931212730732,11473.518864289745,11427.291888937505,247.52082036691215,0.0,0.0,-0.31992152394874457,0.0
2025-05-07 00:00:00+00:00,0.002086131718707964,0.0020469958542738767,11497.454135917733,11450.683508059738,23.935271627989014,0.0,0.0,0.543652505756446,0.0
2025-05-08 00:00:00+00:00,0.06444471711284044,0.06456738177208586,12238.404315224809,12190.024161675958,740.9501793070757,0.0,0.0,1.6095256908551847,0.0
2025-05-09 00:00:00+00:00,-0.0027878412151035796,-0.0030013930198804655,12204.285587267723,12153.437108244929,-34.11872795708522,0.0,0.0,2.4683254739432243,0.0
2025-05-10 00:00:00+00:00,0.01788409868455568,0.01769927424726006,12422.54823508492,12368.544124670583,218.26264781719655,0.0,0.0,3.155631391542296,0.0
2025-05-11 00:00:00+00:00,-0.006884422062597363,-0.0071469397578710235,12337.02616994162,12280.146884918993,-85.52206514329856,0.0,0.0,2.8751746082916902,0.0
2025-05-12 00:00:00+00:00,-0.0127400041704342,-0.013015602424127536,12179.852405085809,12120.313375355,-157.17376485581212,0.0,0.0,2.6597447081817323,0.0
2025-05-13 00:00:00+00:00,0.01312048557476584,0.012935968560879885,12339.657982869514,12277.101368126603,159.8055777837054,0.0,0.0,3.0175850121011676,0.0
2025-05-14 00:00:00+00:00,-0.006127501606811949,-0.0063751998165780185,12264.046708751972,12198.832393736413,-75.61127411754285,0.0,0.0,2.6577002726476104,0.0
2025-05-15 00:00:00+00:00,0.0026437816033399613,0.002516756734932663,12296.470169823073,12229.533887321664,32.42346107110046,0.0,0.0,1.721967485849603,0.0
2025-05-16 00:00:00+00:00,-0.003010880820023976,-0.003238862747575667,12259.446963634755,12189.924105593804,-37.02320618831725,0.0,0.0,2.5865755395431203,0.0
2025-05-17 00:00:00+00:00,-0.0030799282478254355,-0.0032018213503965036,12221.688746628739,12150.894146332801,-37.758217006016444,0.0,0.0,1.2717422549867954,0.0
2025-05-18 00:00:00+00:00,0.03241733192360296,0.03230445672682493,12617.883287395165,12543.42218047524,396.1945407664269,0.0,0.0,3.666506623988622,0.0
2025-05-19 00:00:00+00:00,-0.008460562784798235,-0.008664304637801474,12511.128893630901,12434.742149503047,-106.75439376426314,0.0,0.0,1.9256372079303485,0.0
2025-05-20 00:00:00+00:00,0.011881422662731091,0.011680598800845784,12659.778904004037,12579.987383743359,148.65001037313596,0.0,0.0,3.404776132824141,0.0
2025-05-21 00:00:00+00:00,0.026414854047817963,0.026363658155301645,12994.185116030949,12911.641870726377,334.4062120269115,0.0,0.0,2.751725043894033,0.0
2025-05-22 00:00:00+00:00,0.018582381770873277,0.018399259789825033,13235.648024658436,13149.206523819053,241.46290862748637,0.0,0.0,3.898255534809286,0.0
2025-05-23 00:00:00+00:00,-0.03917471293194559,-0.03964772968838459,12717.145312824168,12627.870337945933,-518.502711834267,0.0,0.0,2.833474038854045,0.0
2025-05-24 00:00:00+00:00,0.004210779483613171,0.003970687280378506,12770.694407397536,12678.011662075083,53.549094573367405,0.0,0.0,3.40777044421647,0.0
2025-05-25 00:00:00+00:00,0.011493260554751087,0.011339787125016031,12917.471325686858,12821.777615491485,146.7769182893224,0.0,0.0,3.0109648729202805,0.0
2025-05-26 00:00:00+00:00,0.003944490790834505,0.003671690985379016,12968.424172371899,12868.85522077882,50.95284668504059,0.0,0.0,3.8752413977060582,0.0
2025-05-27 00:00:00+00:00,-0.004536898984293978,-0.004762289567022778,12909.587741916372,12807.570005821379,-58.83643045552754,0.0,0.0,2.448784501914044,0.0
2025-05-28 00:00:00+00:00,-0.010789232990130076,-0.01117756344189952,12770.303191962308,12664.412579544742,-139.28454995406295,0.0,0.0,3.8728763225749123,0.0
2025-05-29 00:00:00+00:00,-0.020166968837001566,-0.020486388493530423,12512.764885450943,12404.964503397834,-257.5383065113655,0.0,0.0,1.9097696355418379,0.0
2025-05-30 00:00:00+00:00,-0.01505756132500479,-0.01538661686624295,12324.353160842898,12214.094067344708,-188.4117246080441,0.0,0.0,2.458711445082119,0.0
2025-05-31 00:00:00+00:00,0.005684933483392492,0.005488755359257145,12394.416288788128,12281.134241615317,70.0631279452299,0.0,0.0,3.0229536746207275,0.0
2025-06-01 00:00:00+00:00,0.009910090865614594,0.009925312553862984,12517.246080436273,12403.028337479298,122.82979164814397,7.254613576535007e-16,7.710320503797809e-19,0.9356957841629028,1.1706260960586682e-16
2025-06-02 00:00:00+00:00,0.002163163522471179,0.002057530785211141,12544.322930559269,12428.547950113509,27.076850122995086,0.0,0.0,1.5572374887852745,0.0
2025-06-03 00:00:00+00:00,-0.004488987804128923,-0.004700378285762139,12488.011617912933,12370.129073205242,-56.31131264633535,0.0,0.0,2.107564261931718,0.0
2025-06-04 00:00:00+00:00,-0.0066072081223092945,-0.006817906976070605,12405.500726119566,12285.790683902142,-82.51089179336716,0.0,0.0,1.8274975097326602,0.0
2025-06-05 00:00:00+00:00,-0.030443362463984835,-0.030922474240466315,12027.835570967081,11905.883637955416,-377.665155152485,0.0,0.0,2.241890794240044,0.0
2025-06-06 00:00:00+00:00,0.027371971400917336,0.027735303876350065,12357.061142230528,12236.096938570574,329.2255712634472,0.0,0.0,-0.9877293517104913,0.0
2025-06-07 00:00:00+00:00,0.012164831548742311,0.012350965976638907,12507.382709463272,12387.224555545714,150.32156723274363,0.0,0.0,-0.8060497423970352,0.0
2025-06-08 00:00:00+00:00,0.0016786268434327949,0.001669192807769434,12528.377937820465,12407.901221682056,20.99522835719225,0.0,0.0,0.31856222085042235,0.0
2025-06-09 00:00:00+00:00,0.04295987887963663,0.04334367767988347,13066.595536587545,12945.705292918476,538.2175987670789,0.0,0.0,0.4135275306595008,0.0
2025-06-10 00:00:00+00:00,0.00015786608600974574,-3.8633978909717725e-05,13068.658308882379,12945.205148813218,2.062772294833489,0.0,0.0,2.5629164000915226,0.0
2025-06-11 00:00:00+00:00,-0.01488605500492573,-0.01516223644387594,12874.117542455777,12748.926887532432,-194.54076642660277,0.0,0.0,1.737494854183471,0.0
2025-06-12 00:00:00+00:00,-0.027489861542371458,-0.027919923320502117,12520.209833733452,12392.977826413839,-353.9077087223248,0.0,0.0,2.041352396268447,0.0
2025-06-13 00:00:00+00:00,0.003768543268652631,0.003765288423269496,12567.392786224487,12439.640962353471,47.182952491034676,0.0,0.0,0.5198165514030892,0.0
2025-06-14 00:00:00+00:00,-0.0060909865285151115,-0.006274251786336812,12490.844966065037,12361.591522824036,-76.54782015945135,0.0,0.0,1.5016193699834988,0.0
2025-06-15 00:00:00+00:00,0.0016770529424829834,0.001623239273998963,12511.792774369475,12381.657343673016,20.94780830443813,0.0,0.0,0.8819874554575079,0.0
2025-06-16 00:00:00+00:00,0.011602225125805258,0.011641743206888745,12656.957410865132,12525.801418943745,145.1646364956582,0.0,0.0,1.0205612249287204,0.0
2025-06-17 00:00:00+00:00,-0.021056604904621988,-0.02148428895119442,12390.444859369918,12256.693481913877,-266.5125514952144,0.0,0.0,2.5953855346540937,0.0
2025-06-18 00:00:00+00:00,0.0030397114331229707,0.002997607055984978,12428.108236270424,12293.434232778307,37.66337690050648,0.0,0.0,0.9226260360763487,0.0
2025-06-19 00:00:00+00:00,-0.002233049901654147,-0.0023834637245596954,12400.355650395673,12264.13327823422,-27.752585874750768,0.0,0.0,1.5483686693366792,0.0
2025-06-20 00:00:00+00:00,-0.012906297412717574,-0.013163130473218942,12240.312972348194,12102.698891751876,-160.04267804747943,0.0,0.0,1.3917084348639568,0.0
2025-06-21 00:00:00+00:00,-0.011430497403876715,-0.011614874261620401,12100.40010669513,11962.127565897925,-139.9128656530645,0.0,0.0,0.6584602008861217,0.0
2025-06-22 00:00:00+00:00,-0.01147938814479094,-0.011743645595660941,11961.494917163107,11821.648579193934,-138.9051895320231,0.0,0.0,1.5737971719684076,0.0
2025-06-23 00:00:00+00:00,0.04350721816642915,0.04405540930075872,12481.906286120755,12342.456145960055,520.4113689576486,0.0,0.0,-0.3961978084729378,0.0
2025-06-24 00:00:00+00:00,0.007148013068915789,0.007177192445429135,12571.127115378928,12431.04032896888,89.2208292581733,0.0,0.0,0.6366462493483911,0.0
2025-06-25 00:00:00+00:00,0.01167005844931092,0.011766373213822864,12717.832903589117,12577.308588915612,146.70578821018947,0.0,0.0,0.4375282634582607,0.0
2025-06-26 00:00:00+00:00,-0.0033818645184804986,-0.0034198037225815258,12674.822915740504,12534.296662183182,-43.00998784861185,0.0,0.0,0.0019388838183515,0.0
2025-06-27 00:00:00+00:00,0.0008165342097903938,0.0007995797856425827,12685.172342254242,12544.318832421512,10.349426513737347,0.0,0.0,0.3272562754083798,0.0
2025-06-28 00:00:00+00:00,0.0021681716145215157,0.0022590166318496837,12712.67597285203,12572.656657299178,27.503630597789055,0.0,0.0,-0.8341942798763449,0.0
2025-06-29 00:00:00+00:00,0.010017289195837881,0.010140421434959463,12840.02252452507,12700.14869436124,127.34655167303846,0.0,0.0,-0.14548538902390573,0.0
2025-06-30 00:00:00+00:00,-0.011327796079358358,-0.01141044908481832,12694.573367712881,12555.234294314609,-145.44915681218808,0.0,0.0,-0.5347567655572989,0.0
2025-07-01 00:00:00+00:00,-0.013413097825122533,-0.01356311547651892,12524.299813283553,12384.946201746068,-170.27355442932807,1.4860598862576067e-15,1.4208071849483274e-18,0.01453813921151692,2.341252192117336e-16
2025-07-02 00:00:00+00:00,0.029838440976245,0.030150929993663658,12898.00539403101,12758.363847650204,373.70558074745753,0.0,0.0,0.28793484332118363,0.0
2025-07-03 00:00:00+00:00,0.006902706761803308,0.0068173686332947845,12987.036543078164,12845.342317157336,89.03114904715339,0.0,0.0,2.052679540020739,0.0
2025-07-04 00:00:00+00:00,-0.014668335327876357,-0.014922440782268264,12796.53833614891,12653.65845710159,-190.49820692925468,0.0,0.0,1.1856531264902819,0.0
2025-07-05 00:00:00+00:00,0.0019065794593393017,0.0019222177596045838,12820.935953291259,12677.9815441118,24.397617142349436,0.0,0.0,0.07453013213802195,0.0
2025-07-06 00:00:00+00:00,0.009193899459813356,0.009259258679373201,12938.810349426525,12795.370254761052,117.87439613526614,0.0,0.0,0.48568548601569206,0.0
2025-07-07 00:00:00+00:00,-0.008540242491211053,-0.008762182238752653,12828.30977149463,12683.25488877652,-110.50057793189373,0.0,0.0,1.6147880526375622,0.0
2025-07-08 00:00:00+00:00,0.00617595416320121,0.006130111623232032,12907.536824634728,12761.004656990624,79.22705314009703,0.0,0.0,1.4772849259935883,0.0
2025-07-09 00:00:00+00:00,0.021310949932172002,0.02146635356181823,13182.608695652185,13034.936894761595,275.07187101745706,0.0,0.0,1.139633246487335,0.0
2025-07-10 00:00:00+00:00,0.04311565073660994,0.04351575164840282,13750.985447971321,13602.161971426644,568.3767523191367,0.0,0.0,1.1516756540880566,0.0
2025-07-11 00:00:00+00:00,0.013069754209305735,0.012909470176520511,13930.707447912046,13777.758675732977,179.72199994072508,0.0,0.0,4.125295634391398,0.0
2025-07-12 00:00:00+00:00,-0.0009378005088971662,-0.0012515415006284195,13917.643223378096,13760.515238964654,-13.06422453394946,0.0,0.0,4.179212234373614,0.0
2025-07-13 00:00:00+00:00,0.014064879709162252,0.013933709043442809,14113.393201149946,13952.250254592249,195.7499777718501,0.0,0.0,4.014962144255729,0.0
2025-07-14 00:00:00+00:00,0.006635867282654348,0.006409044032232029,14207.047805340693,14041.670840822651,93.65460419074724,0.0,0.0,4.2340179603449855,0.0
2025-07-15 00:00:00+00:00,-0.017357309746328486,-0.0178652702034924,13960.451676002498,13790.812597142854,-246.59612933819477,0.0,0.0,4.262114341602209,0.0
2025-07-16 00:00:00+00:00,0.00765116138855417,0.007441587114936767,14067.265344832706,13893.43813047026,106.81366883020667,0.0,0.0,4.188135502800751,0.0
2025-07-17 00:00:00+00:00,0.004669608944479655,0.004424279137957992,14132.953972911306,13954.906578945409,65.68862807859948,0.0,0.0,4.220179603449813,0.0
2025-07-18 00:00:00+00:00,-0.010295684267919257,-0.01073087212894262,13987.445541033176,13805.158260875405,-145.5084318781299,0.0,0.0,4.239886191873392,0.0
2025-07-19 00:00:00+00:00,-0.0009967149090243873,-0.001313837105629405,13973.504045523261,13787.020531703181,-13.941495509914455,0.0,0.0,4.196233662309954,0.0
2025-07-20 00:00:00+00:00,-0.004794264868075048,-0.005163169995962854,13906.511365993905,13715.835800960167,-66.99267952935672,0.0,0.0,4.192051213656979,0.0
2025-07-21 00:00:00+00:00,0.000913005339077957,0.0006012204218087295,13919.208085119006,13724.08204154588,12.696719125100728,0.0,0.0,4.4504785393881825,0.0
2025-07-22 00:00:00+00:00,0.022416788743910333,0.022346553199882487,14231.232032245647,14030.767971006837,312.0239471266414,0.0,0.0,5.338017665684565,0.0
2025-07-23 00:00:00+00:00,-0.010456999100329902,-0.01097198218653423,14082.41605168787,13876.822634765555,-148.81598055777883,0.0,0.0,5.129355683503198,0.0
2025-07-24 00:00:00+00:00,-0.0035592611081694046,-0.003916438366891163,14032.293055926037,13822.474914188215,-50.122995761833174,0.0,0.0,4.224724815506361,0.0
2025-07-25 00:00:00+00:00,-0.0062230760717401825,-0.00662209305012385,13944.969028778058,13730.941199123457,-87.32402714797924,0.0,0.0,4.209687916777811,0.0
2025-07-26 00:00:00+00:00,0.002369307646989288,0.002101562495229484,13978.00895053497,13759.797630171737,33.039921756912634,0.0,0.0,4.183490708633418,0.0
2025-07-27 00:00:00+00:00,0.013264579163415544,0.013170179421009395,14163.421356806271,13941.01663375788,185.41240627130213,0.0,0.0,4.193402685160491,0.0
2025-07-28 00:00:00+00:00,-0.011491395473416315,-0.011979506721936671,14000.66388073858,13774.010131283147,-162.75747606769156,0.0,0.0,4.249026407041882,0.0
2025-07-29 00:00:00+00:00,-0.0013395529686510024,-0.0016665320999449127,13981.909249874052,13751.055301254397,-18.75463086452823,0.0,0.0,4.200199164221575,0.0
2025-07-30 00:00:00+00:00,-0.0012387560210240151,-0.0015645887949917892,13964.58907560536,13729.540554210742,-17.320174268692853,0.0,0.0,4.194572774962216,0.0
2025-07-31 00:00:00+00:00,-0.01772828681741471,-0.01833692949507604,13717.02083518569,13477.782937068392,-247.568240419668,0.0,0.0,4.189376722681608,0.0
2025-08-01 00:00:00+00:00,-0.021230440813610297,-0.021850872944588647,13425.802436205222,13183.281614535766,-291.2183989804691,0.0,0.0,3.282923552157155,0.0
2025-08-02 00:00:00+00:00,-0.00660485651214128,-0.006977772833990566,13337.12693755373,13091.291670223012,-88.67549865149232,0.0,0.0,3.314445661262642,0.0
2025-08-03 00:00:00+00:00,0.014671739169081488,0.01477910362022035,13532.80578524645,13284.769226339766,195.6788476927189,0.0,0.0,2.201291575965449,0.0
2025-08-04 00:00:00+00:00,0.0074321566044049285,0.007321075219248935,13633.383717139399,13382.028021116163,100.57793189294863,0.0,0.0,3.319137116551735,0.0
2025-08-05 00:00:00+00:00,-0.008046016991156623,-0.008480790188422715,13523.689280104338,13268.537849173483,-109.69443703506164,0.0,0.0,3.795734907618151,0.0
2025-08-06 00:00:00+00:00,0.0076124888999147804,0.007505775382494092,13626.638214635028,13368.1285139235,102.94893453069078,0.0,0.0,3.3582697806733366,0.0
2025-08-07 00:00:00+00:00,0.02161659450115314,0.021813673125576916,13921.199727334711,13659.736499626932,294.5615126996828,0.0,0.0,2.953526996251219,0.0
2025-08-08 00:00:00+00:00,-0.006880765195590858,-0.007304572699260317,13825.411220769998,13559.957961312666,-95.78850656471363,0.0,0.0,3.990031749550931,0.0
2025-08-09 00:00:00+00:00,-0.0014637183075403104,-0.0017739809660584228,13805.174713256883,13535.902853988746,-20.23650751311428,0.0,0.0,3.818599810806765,0.0
2025-08-10 00:00:00+00:00,0.02452466764734417,0.024706572797515286,14143.742034913028,13870.328623230913,338.56732165614494,0.0,0.0,4.141552413977065,0.0
2025-08-11 00:00:00+00:00,-0.005417162590314006,-0.005829859915043648,14067.123084674446,13789.466550381856,-76.61895023858254,0.0,0.0,4.243122610473908,0.0
2025-08-12 00:00:00+00:00,0.012206334585373202,0.012146073489341984,14238.831095699608,13956.954424481617,171.70801102516344,0.0,0.0,4.220136925402333,0.0
2025-08-13 00:00:00+00:00,0.0270889307215749,0.027329963842958573,14624.545804807221,14338.39748426052,385.71470910761315,0.0,0.0,4.2716493287098825,0.0
2025-08-14 00:00:00+00:00,-0.0413556233417665,-0.042486935674518944,14019.738596959203,13729.202912671059,-604.8072078480188,0.0,0.0,4.387363741442167,0.0
2025-08-15 00:00:00+00:00,-0.008243700321325842,-0.00872450104479088,13904.164073382546,13609.422467515315,-115.57452357665689,0.0,0.0,4.20592157908776,0.0
2025-08-16 00:00:00+00:00,0.00034616502863527645,0.00010351442423445507,13908.977208737158,13610.831239046203,4.813135354612051,0.0,0.0,3.404363823723746,0.0
2025-08-17 00:00:00+00:00,0.0001798412453537956,3.836502772228852e-05,13911.478616519975,13611.353418964012,2.5014077828168504,0.0,0.0,1.9792278650074522,0.0
2025-08-18 00:00:00+00:00,-0.009895455180712187,-0.01022840317674606,13773.818203372766,13472.131008413668,-137.6604131472094,0.0,0.0,1.5619974031354558,0.0
2025-08-19 00:00:00+00:00,-0.028915803679629877,-0.029842896135046464,13375.537180285128,13070.08360201184,-398.2810230876392,0.0,0.0,3.76638331418863,0.0
2025-08-20 00:00:00+00:00,0.012443940226543524,0.012502009144756375,13541.981565454507,13233.485906726923,166.44438516937865,0.0,0.0,3.042080454296271,0.0
2025-08-21 00:00:00+00:00,-0.015348857568064452,-0.016013659756831677,13334.127619216992,13021.56936601977,-207.85394623751571,0.0,0.0,4.062594469636351,0.0
2025-08-22 00:00:00+00:00,0.03946861883394518,0.040108787775089305,13860.407219703047,13543.848728220062,526.2796004860563,0.0,0.0,4.000238285765096,0.0
2025-08-23 00:00:00+00:00,-0.013085463067501399,-0.013698319632978288,13679.037372929093,13358.320759280197,-181.36984677395398,0.0,0.0,4.158122165910914,0.0
2025-08-24 00:00:00+00:00,-0.016837383359000802,-0.01754883055036154,13448.718176698987,13123.897851838212,-230.31919623010634,0.0,0.0,4.103711211878728,0.0
2025-08-25 00:00:00+00:00,-0.029700299621044184,-0.030742815844413237,13049.287217332045,12720.432277018259,-399.43095936694294,0.0,0.0,4.034615453009696,0.0
2025-08-26 00:00:00+00:00,0.014874538946526903,0.014986082247685087,13243.389348270666,12911.061721347764,194.10213093862117,0.0,0.0,3.4726866091174644,0.0
2025-08-27 00:00:00+00:00,-0.004547436114341162,-0.004905674199731108,13183.16588127206,12847.724258970213,-60.22346699860709,0.0,0.0,3.113995378944545,0.0
2025-08-28 00:00:00+00:00,0.011841375210987465,0.011842709326378752,13339.27269494089,12999.876122874663,156.10681366883068,0.0,0.0,3.9549497643816167,0.0
2025-08-29 00:00:00+00:00,-0.03718713367656091,-0.038385876961303585,12843.223378086024,12500.864477509807,-496.04931685486576,0.0,0.0,2.962328509989267,0.0
2025-08-30 00:00:00+00:00,0.0038980650902102785,0.003738272347688205,12893.287098781913,12547.59611350828,50.06372069588966,0.0,0.0,3.332084697416981,0.0
2025-08-31 00:00:00+00:00,-0.005134330224599441,-0.0055161988275813445,12827.088705136199,12478.381078537981,-66.19839364571402,0.0,0.0,3.0166413245845884,0.0
2025-09-01 00:00:00+00:00,0.009084128699063018,0.009073377048606652,12943.611629767953,12591.602135019755,116.52292463175482,2.2523587162037726e-15,1.9471817833801627e-18,3.3018681499807703,3.511878288176003e-16
2025-09-02 00:00:00+00:00,0.01834541401285553,0.018602912905937675,13181.067543937657,12825.842612883747,237.45591416970478,0.0,0.0,3.215436305713389,0.0
2025-09-03 00:00:00+00:00,0.004220870328531648,0.004230734562880138,13236.703120832235,12880.105348524135,55.63557689457798,0.0,0.0,1.3728412541898143,0.0
2025-09-04 00:00:00+00:00,-0.00878510481850769,-0.009222409669371526,13120.417296464257,12761.319740415383,-116.28582436797906,0.0,0.0,2.499783740773841,0.0
2025-09-05 00:00:00+00:00,-0.0004210564360193525,-0.0006381276101994007,13114.892860318321,12753.176389946442,-5.524436145935908,0.0,0.0,2.618914323005797,0.0
2025-09-06 00:00:00+00:00,-0.004411203734337063,-0.004747969355746511,13057.040395957454,12692.624699258547,-57.85246436086667,0.0,0.0,2.699226327028955,0.0
2025-09-07 00:00:00+00:00,0.008528283248319885,0.00858169097489761,13168.394534838933,12801.548882087936,111.35413888147998,0.0,0.0,2.429956052090407,0.0
2025-09-08 00:00:00+00:00,0.00850298031935916,0.00857756821236649,13280.365134406225,12911.35504084799,111.97059956729215,0.0,0.0,2.1644408072389076,0.0
2025-09-09 00:00:00+00:00,-0.00467046111876823,-0.005112518270528173,13218.339705402936,12845.345502304379,-62.025429003289496,0.0,0.0,3.9841095403218687,0.0
2025-09-10 00:00:00+00:00,0.021524663677130046,0.02187100961092997,13502.860021931789,13126.286177240994,284.52031652885245,0.0,0.0,3.5796415922373175,0.0
2025-09-11 00:00:00+00:00,0.013502194907813821,0.013785910923871362,13685.17826976084,13307.243989241682,182.31824782905022,0.0,0.0,1.360435828361941,0.0
2025-09-12 00:00:00+00:00,0.004622398709609287,0.0045222048795920036,13748.436620135755,13367.422072943753,63.25835037491556,0.0,0.0,3.0802666728454713,0.0
2025-09-13 00:00:00+00:00,-0.0007156930797652871,-0.0009536230331420547,13738.596959189132,13354.674591361263,-9.839660946622814,0.0,0.0,2.9078206358678593,0.0
2025-09-14 00:00:00+00:00,-0.0057132502362184845,-0.006186120136809239,13660.104916866734,13272.060969951108,-78.49204232239786,0.0,0.0,4.12157908775674,0.0
2025-09-15 00:00:00+00:00,0.0007671852978137713,0.0006067303682070574,13670.584748525547,13280.113532390273,10.479831658813767,0.0,0.0,2.4272692196488146,0.0
2025-09-16 00:00:00+00:00,0.0124251180247462,0.012695918301423283,13840.443377493273,13448.716768831126,169.85862896772528,0.0,0.0,1.255392526872605,0.0
2025-09-17 00:00:00+00:00,-0.002943957734463164,-0.003246571123719319,13799.697697163703,13405.05455331836,-40.745680329570796,0.0,0.0,2.916535183196116,0.0
2025-09-18 00:00:00+00:00,0.005293637068861195,0.005152045800901306,13872.748288432487,13474.118008340636,73.05059126878425,0.0,0.0,3.987136246507456,0.0
2025-09-19 00:00:00+00:00,-0.012382488136653446,-0.012926566522463111,13700.969147328193,13299.943925574302,-171.77914110429467,0.0,0.0,2.3949416620387423,0.0
2025-09-20 00:00:00+00:00,0.00045167001092831244,0.00046968162544993143,13707.157464212694,13306.190664855658,6.188316884502196,0.0,0.0,-0.05842239685448347,0.0
2025-09-21 00:00:00+00:00,-0.0039023276450334586,-0.004013859196803009,13653.66764470527,13252.781489081113,-53.48981950742392,0.0,0.0,-0.08064373287869164,0.0
2025-09-22 00:00:00+00:00,-0.022245839053034597,-0.022912452039289585,13349.930351797531,12949.127768825358,-303.7372929077394,0.0,0.0,-0.0835726519835332,0.0
2025-09-23 00:00:00+00:00,-0.005935529704289088,-0.006232035995438809,13270.691443644246,12868.428338460502,-79.23890815328473,0.0,0.0,1.4605222115711363,0.0
2025-09-24 00:00:00+00:00,0.011720397064183468,0.012028669858741188,13426.229216680018,13023.218414544714,155.5377730357727,0.0,0.0,0.7476969515618822,0.0
2025-09-25 00:00:00+00:00,-0.03809150437601984,-0.039302444230642296,12914.803947719405,12511.374099103596,-511.4252689606123,0.0,0.0,0.4190464805050824,0.0
2025-09-26 00:00:00+00:00,0.005915204388486779,0.006005850628535143,12991.197652707402,12586.515543100535,76.3937049879962,0.0,0.0,1.2522609910565607,0.0
2025-09-27 00:00:00+00:00,-2.0075923492454098e-05,-2.5850593016937424e-05,12990.936842417252,12586.190174209729,-0.2608102901511031,0.0,0.0,0.06455860065494595,0.0
2025-09-28 00:00:00+00:00,0.023171731072130566,0.023868987972531536,13291.959337304777,12886.609796097935,301.02249488752557,0.0,0.0,0.6028729993189547,0.0
2025-09-29 00:00:00+00:00,0.018952738559235113,0.019519236412764093,13543.8783675647,13138.146579267011,251.91903025992147,0.0,0.0,0.3822470908442113,0.0
2025-09-30 00:00:00+00:00,-0.00216462720795479,-0.002417681001368052,13514.560919949039,13106.382731889129,-29.31744761566085,0.0,0.0,2.446399762221662,0.0
2025-10-01 00:00:00+00:00,0.04001536859630853,0.04109230025431122,14055.351056578067,13644.954146355836,540.7901366290273,0.0,0.0,2.218722162319354,0.0
2025-10-02 00:00:00+00:00,0.016173191048613193,0.016350606252200216,14282.67093447143,13868.057418932227,227.3198778933644,0.0,0.0,4.2166053169734194,0.0
2025-10-03 00:00:00+00:00,0.01420260479307828,0.01440360329169726,14485.522065143316,14067.807416421007,202.8511306718838,0.0,0.0,3.1011331831049658,0.0
2025-10-04 00:00:00+00:00,0.001338909394462724,0.001165674700292095,14504.916866720034,14084.20590361491,19.394801576717466,0.0,0.0,2.996314382814,0.0
2025-10-05 00:00:00+00:00,0.00884165927001133,0.008833270163592404,14633.164399395413,14208.615499401203,128.24753267537886,0.0,0.0,3.8379368890853027,0.0
2025-10-06 00:00:00+00:00,0.009626165801429842,0.009643498721015761,14774.025666103575,14345.636264797084,140.86126670816077,0.0,0.0,3.8405013122805345,0.0
2025-10-07 00:00:00+00:00,-0.026806534288323393,-0.027857227564026237,14377.985240508599,13946.006610817883,-396.0404255949753,0.0,0.0,3.58922838422436,0.0
2025-10-08 00:00:00+00:00,0.016110400645108696,0.01644411320267905,14609.620343202652,14175.336322251484,231.63510269405305,0.0,0.0,2.3053912604533817,0.0
2025-10-09 00:00:00+00:00,-0.013236413444794424,-0.013725132749751283,14416.241368068542,13980.777949456211,-193.3789751341097,0.0,0.0,1.179397661163011,0.0
2025-10-10 00:00:00+00:00,-0.07260004966917367,-0.07511870964020682,13369.62152870397,12930.559950126804,-1046.6198393645725,0.0,0.0,3.5981599648349,0.0
2025-10-11 00:00:00+00:00,-0.019172501975152634,-0.019508053144133133,13113.29243353785,12678.309899436332,-256.32909516612006,0.0,0.0,-4.0790444756468975,0.0
2025-10-12 00:00:00+00:00,0.03885135593266306,0.03996793824462647,13622.761625322326,13185.03580654324,509.46919178447644,0.0,0.0,2.743284677568674,0.0
2025-10-13 00:00:00+00:00,0.0017735403101868299,0.0016975332418318265,13646.922142200901,13207.417843119589,24.1605168785754,0.0,0.0,1.7784803022253433,0.0
2025-10-14 00:00:00+00:00,-0.01853100198757416,-0.019269357840535982,13394.031000859506,12952.919382551037,-252.8911413413947,0.0,0.0,1.607319227156581,0.0
2025-10-15 00:00:00+00:00,-0.020072223894071647,-0.020944934390669367,13125.183011766117,12681.621335915876,-268.84798909338855,0.0,0.0,2.45005754177248,0.0
2025-10-16 00:00:00+00:00,-0.023249953483834872,-0.024036372796554795,12820.023117275736,12376.801157821059,-305.15989449038193,0.0,0.0,-0.33971639556472955,0.0
2025-10-17 00:00:00+00:00,-0.01631402227295898,-0.016974649032192174,12610.876974600651,12166.709302025816,-209.14614267508534,0.0,0.0,0.9457131201568831,0.0
2025-10-18 00:00:00+00:00,0.0069827846344896055,0.007332515486707958,12698.936012566332,12255.921886405195,88.05903796568019,0.0,0.0,-1.1535464136978761,0.0
2025-10-19 00:00:00+00:00,0.013721227012650477,0.014290427261108041,12873.180996413877,12431.06424664069,174.2449838475451,0.0,0.0,-0.897376387950394,0.0
2025-10-20 00:00:00+00:00,0.01749080243303851,0.01806394725046733,13098.343261906899,12655.618335459178,225.16226549302095,0.0,0.0,0.6081766745331112,0.0
2025-10-21 00:00:00+00:00,-0.020316270212638828,-0.02115896056954211,12832.2337808601,12387.838606116024,-266.1094810467976,0.0,0.0,1.6702482963572618,0.0
2025-10-22 00:00:00+00:00,-0.00658332956096052,-0.006911349330903586,12747.754956877408,12302.221926054302,-84.47882398269248,0.0,0.0,1.1378560790291123,0.0
2025-10-23 00:00:00+00:00,0.023056714141569155,0.023718515333956896,13041.676298864902,12594.012365449162,293.92134198749363,0.0,0.0,2.1309025926339134,0.0
2025-10-24 00:00:00+00:00,0.008651047452136053,0.008899559296079076,13154.500459381781,12706.09352527103,112.82416051687837,0.0,0.0,0.7430006950104346,0.0
2025-10-25 00:00:00+00:00,0.00560644908369124,0.0057706023929712785,13228.250496428698,12779.415338973275,73.75003704691699,0.0,0.0,0.42822334467111367,0.0
2025-10-26 00:00:00+00:00,0.026211737208693634,0.027063843613388785,13574.985922171858,13125.275437177788,346.73542574316014,0.0,0.0,0.8753275386455899,0.0
2025-10-27 00:00:00+00:00,-0.003913250032311963,-0.004257173832224071,13521.863608073285,13069.3988580459,-53.12231409857346,0.0,0.0,2.7542650333131737,0.0
2025-10-28 00:00:00+00:00,-0.01062332818693267,-0.011213157946425495,13378.216413265782,12922.849624385799,-143.64719480750404,0.0,0.0,2.9020388525976513,0.0
2025-10-29 00:00:00+00:00,-0.025481928885249833,-0.026392553825747244,13037.313654011461,12581.782620092159,-340.90275925432076,0.0,0.0,0.1642450393189884,0.0
2025-10-30 00:00:00+00:00,-0.015567457466832762,-0.016154718196776784,12834.35582822088,12378.527467451466,-202.95782579058144,0.0,0.0,0.29732685011125964,0.0
2025-10-31 00:00:00+00:00,0.011881471628749064,0.012296029338930661,12986.846862867156,12530.734204364007,152.49103464627657,0.0,0.0,0.28429773373429484,0.0
2025-11-01 00:00:00+00:00,0.004590711044452891,0.004708844381775874,13046.465724193138,12589.739481721754,59.618861325982635,3.0405483686379855e-15,2.6661174947881704e-18,0.6135839682363976,4.682504384234668e-16
2025-11-02 00:00:00+00:00,0.00407723020948619,0.004077095581723005,13099.659168370845,12641.069052937724,53.19344417770639,0.0,0.0,1.863872961734953,0.0
2025-11-03 00:00:00+00:00,-0.03588542510377921,-0.03733803580442949,12629.572330399238,12169.07636403287,-470.08683797160666,0.0,0.0,1.9058509332476214,0.0
2025-11-04 00:00:00+00:00,-0.047845937807414855,-0.04982788833948058,12025.29859814471,11562.716985771227,-604.2737322545295,0.0,0.0,2.085646007112657,0.0
2025-11-05 00:00:00+00:00,0.023600995303461086,0.02434307305499942,12309.10761388224,11844.18905007014,283.80901573753044,0.0,0.0,2.336951438618757,0.0
2025-11-06 00:00:00+00:00,-0.024311762258452135,-0.02543352501155083,12009.851515959832,11542.949571623643,-299.25609792240806,0.0,0.0,1.9833805240872877,0.0
2025-11-07 00:00:00+00:00,0.019546700544192275,0.02015247584079216,12244.604487122513,11775.56858399727,234.75297116268047,0.0,0.0,2.1339587890527802,0.0
2025-11-08 00:00:00+00:00,-0.009849321739669277,-0.010397979876924118,12124.003437953845,11653.126458821527,-120.60104916866774,0.0,0.0,1.841076007075715,0.0
2025-11-09 00:00:00+00:00,0.023371696212928623,0.024215379751521108,12407.361963190204,11935.31134131439,283.35852523635947,0.0,0.0,1.1736427434978,0.0
2025-11-10 00:00:00+00:00,0.012428912126215401,0.012756516481976152,12561.571974748842,12087.564337157382,154.21001155863846,0.0,0.0,1.9570157156445638,0.0
2025-11-11 00:00:00+00:00,-0.027765194412986034,-0.028982285963625953,12212.797486737223,11737.239090934161,-348.7744880116185,0.0,0.0,1.5507582116036032,0.0
2025-11-12 00:00:00+00:00,-0.013686928497932401,-0.014376092264686974,12045.641800776522,11568.5034588302,-167.1556859607009,0.0,0.0,1.57994614325926,0.0
2025-11-13 00:00:00+00:00,-0.019376427052987984,-0.020271859618568897,11812.240301117354,11333.988380715866,-233.4014996591691,0.0,0.0,1.11357845516546,0.0
2025-11-14 00:00:00+00:00,-0.051246898810909734,-0.05352596173664379,11206.899617675843,10727.325752326104,-605.3406834415109,0.0,0.0,1.3219449482518648,0.0
2025-11-15 00:00:00+00:00,0.010833253995959144,0.011236019044592808,11328.306807741343,10847.85818877679,121.40719006549983,0.0,0.0,0.8747536148128631,0.0
2025-11-16 00:00:00+00:00,-0.013946635048573174,-0.01468725159269257,11170.315046975507,10688.532966316376,-157.9917607658355,0.0,0.0,1.3334616945795779,0.0
2025-11-17 00:00:00+00:00,-0.021802208345184353,-0.023043054966228656,10926.77751104,10442.2365136652,-243.53753593550775,0.0,0.0,2.7589167156675325,0.0
2025-11-18 00:00:00+00:00,0.008162082931449443,0.008305400835814368,11015.962775258606,10528.963473533568,89.18526421860521,0.0,0.0,2.4583043502389432,0.0
2025-11-19 00:00:00+00:00,-0.015085705922360897,-0.015886391042519998,10849.77920037938,10361.696242520604,-166.18357487922594,0.0,0.0,1.08365613373797,0.0
2025-11-20 00:00:00+00:00,-0.053818484581613306,-0.05662536584893596,10265.860525769855,9774.96140197233,-583.9186746095264,0.0,0.0,2.816165938747901,0.0
2025-11-21 00:00:00+00:00,-0.017420154258150862,-0.018389330593769675,10087.027651818282,9595.206405210123,-178.83287395157257,0.0,0.0,0.9221228106349451,0.0
2025-11-22 00:00:00+00:00,-0.004543606161252251,-0.004836040443593307,10041.196170830759,9548.803598969902,-45.83148098752336,0.0,0.0,0.5713252526983397,0.0
2025-11-23 00:00:00+00:00,0.024839433293978672,0.026109252258140713,10290.613793307864,9798.11572089885,249.41762247710471,0.0,0.0,0.10550054815763509,0.0
2025-11-24 00:00:00+00:00,0.01656607594820048,0.017387170180383736,10461.088882961401,9968.477226385212,170.4750896535375,0.0,0.0,0.1135841671759352,0.0
2025-11-25 00:00:00+00:00,-0.010539210964405797,-0.011003194673346157,10350.83726030647,9858.792130866477,-110.25162265493039,0.0,0.0,-0.5665271361961477,0.0
2025-11-26 00:00:00+00:00,0.03566409618849215,0.037414863690228346,10719.99051598947,10227.657494593142,369.1532556829986,0.0,0.0,0.2878919563334318,0.0
2025-11-27 00:00:00+00:00,0.009526042346321447,0.010048325694642531,10822.10959959695,10330.428328192065,102.11908360748,0.0,0.0,-0.6517499914435392,0.0
2025-11-28 00:00:00+00:00,-0.004788184981026816,-0.005004603285137374,10770.291336949134,10278.728632643919,-51.81826264781625,0.0,0.0,-0.11856709967005463,0.0
2025-11-29 00:00:00+00:00,-0.0009609235432872707,-0.0010181799787374593,10759.941910435396,10268.263036943285,-10.349426513737358,0.0,0.0,0.11616918689614208,0.0
2025-11-30 00:00:00+00:00,-0.004916111005830549,-0.005248025355825089,10707.044841587407,10214.374932165125,-52.897068847988834,0.0,0.0,0.9910359301710618,0.0
2025-12-01 00:00:00+00:00,-0.04508141360502948,-0.04732846062250882,10224.356124596208,9730.944290404606,-482.6887169911992,1.2533946103232553e-15,1.144023138315413e-18,0.7419247693190516,2.3412521921173335e-16
2025-12-02 00:00:00+00:00,0.05799176763870369,0.06102282811998857,10817.28460922915,10324.754031283152,592.9284846329402,0.0,0.0,-0.8812562456041186,0.0
2025-12-03 00:00:00+00:00,0.023353224507241307,0.024387490572619155,11069.903085267204,10576.548872885682,252.61847603805438,0.0,0.0,0.8236344355249084,0.0
2025-12-04 00:00:00+00:00,-0.014362147586032499,-0.015081492751755944,10910.91550339352,10417.038727720665,-158.9875818736841,0.0,0.0,0.5225632913338227,0.0
2025-12-05 00:00:00+00:00,-0.029905591598097796,-0.03134585946373922,10584.61812038768,10090.507695733204,-326.29738300584023,0.0,0.0,0.23364898162046843,0.0
2025-12-06 00:00:00+00:00,-0.0010864220760965861,-0.001092756916552531,10573.118757594639,10079.481223657165,-11.49936279304113,0.0,0.0,-0.47289071700212826,0.0
2025-12-07 00:00:00+00:00,0.012879694215181954,0.013464423365564486,10709.297294093261,10215.195626157743,136.1785364986235,0.0,0.0,0.4641339980454465,0.0
2025-12-08 00:00:00+00:00,0.002979999025854669,0.0030005429538022947,10741.210989597248,10245.846759415523,31.913695503985963,0.0,0.0,1.2625622462063262,0.0
2025-12-09 00:00:00+00:00,0.022328839090202626,0.023352823586239885,10981.04976141788,10485.116211279801,239.83877182063307,0.0,0.0,0.5693199563547571,0.0
2025-12-10 00:00:00+00:00,-0.006996811975657348,-0.007385429120035749,10904.217420941903,10407.679128686057,-76.83234047597789,0.0,0.0,0.604742117766868,0.0
2025-12-11 00:00:00+00:00,0.005438150550446914,0.005706102321496321,10963.51619691179,10467.06641072364,59.298775969888034,0.0,0.0,-0.088506067696286,0.0
2025-12-12 00:00:00+00:00,-0.024440960207612487,-0.025768074794738863,10695.557333807556,10197.350260570614,-267.95886310423606,0.0,0.0,1.7572870487895718,0.0
2025-12-13 00:00:00+00:00,-0.00017291123778943252,-0.00017201642125554457,10693.707951750119,10195.596148872502,-1.8493820574365072,0.0,0.0,-0.09527035932385514,0.0
2025-12-14 00:00:00+00:00,-0.02316524415187342,-0.024377413395014494,10445.985596158996,9947.05388674282,-247.72235559112175,0.0,0.0,0.8199065385609918,0.0
2025-12-15 00:00:00+00:00,-0.01955977733517185,-0.02053517776289417,10241.664443851714,9742.78936696147,-204.32115230728232,0.0,0.0,-0.056632525931133715,0.0
2025-12-16 00:00:00+00:00,0.016608211503513128,0.017382941863912222,10411.760173083214,9912.147708119703,170.09572923149943,0.0,0.0,0.7373880732660287,0.0
2025-12-17 00:00:00+00:00,-0.01849342676070126,-0.0195324964574181,10219.211048872314,9718.53871812545,-192.5491242109007,0.0,0.0,1.0598657833523255,0.0
2025-12-18 00:00:00+00:00,-0.008622809785433248,-0.009123109700031794,10131.09273584069,9629.875423275986,-88.11831303162376,0.0,0.0,0.5449818178410872,0.0
2025-12-19 00:00:00+00:00,0.030958958930846936,0.03242234942831938,10444.740819774184,9942.098609200624,313.64808393349364,0.0,0.0,1.424898008854617,0.0
2025-12-20 00:00:00+00:00,0.002474348497230545,0.0024486859613992917,10470.584748525554,9966.44368649182,25.843928751370782,0.0,0.0,1.498851460173788,0.0
2025-12-21 00:00:00+00:00,0.003420438848758019,0.0033290398632501435,10506.398743368625,9999.62237481899,35.81399484307002,0.0,0.0,2.6353065159010383,0.0
2025-12-22 00:00:00+00:00,-0.0005404850373657811,-0.0007825416533670361,10500.720192051236,9991.797253792753,-5.6785513173893865,0.0,0.0,2.1465697088474744,0.0
2025-12-23 00:00:00+00:00,-0.012802536121441195,-0.013440238803071181,10366.284342491354,9857.505112629908,-134.43584955988288,0.0,0.0,-0.1437083970374575,0.0
2025-12-24 00:00:00+00:00,0.0021488480390476072,0.0021953819943451736,10388.559912272925,9879.146101863342,22.275569781572457,0.0,0.0,0.6345805481392646,0.0
2025-12-25 00:00:00+00:00,-0.005131798320440254,-0.005611564126202152,10335.24791796333,9823.708640000616,-53.31199430959515,0.0,0.0,2.125467553131007,0.0
2025-12-26 00:00:00+00:00,0.001691894049579951,0.0015509605950353434,10352.734062416666,9838.944824998365,17.486144453335736,0.0,0.0,2.249959455586537,0.0
2025-12-27 00:00:00+00:00,0.005789673174323506,0.005905093533411342,10412.673009098746,9897.044714460055,59.938946682078985,0.0,0.0,1.8390572203901496,0.0
2025-12-28 00:00:00+00:00,0.0009051216221601094,0.0007821928556599544,10422.097744583763,9904.786112127853,9.424735485018244,0.0,0.0,1.6833378172204765,0.0
2025-12-29 00:00:00+00:00,-0.008163752801064654,-0.008732080802322371,10337.014314928449,9818.296719467033,-85.0834296553153,0.0,0.0,1.4059630055055647,0.0
2025-12-30 00:00:00+00:00,0.014390683901540592,0.015022227471369451,10485.771020420285,9965.789406168267,148.75670549183548,0.0,0.0,1.2640187906012685,0.0
2025-12-31 00:00:00+00:00,-0.009690209507959917,-0.010342817181888397,10384.161702379917,9862.715068267069,-101.6093180403672,0.0,0.0,1.4650198608313247,0.0
2026-01-01 00:00:00+00:00,0.013836722112497575,0.014521152280262167,10527.844462226987,10005.933055670212,143.68275984707066,1.8233956011748375e-15,2.019253051033623e-18,0.4647724439282795,3.511878288175999e-16
2026-01-02 00:00:00+00:00,0.012897922414278411,0.013486769437107688,10663.63178329038,10140.88076779517,135.7873210633943,0.0,0.0,0.839608938435771,0.0
2026-01-03 00:00:00+00:00,0.007088350913392335,0.007477402290707471,10739.219347381546,10216.708212878073,75.5875640911659,0.0,0.0,-0.2398809917370417,0.0
2026-01-04 00:00:00+00:00,0.009942818033293563,0.010318801553116307,10845.997451172187,10322.132397452855,106.77810379064036,0.0,0.0,1.3539192158579674,0.0
2026-01-05 00:00:00+00:00,0.025458881807261413,0.026546669661435734,11122.124418363437,10596.15063640964,276.12696719125125,0.0,0.0,2.1087282344666165,0.0
2026-01-06 00:00:00+00:00,-0.0011181235137430513,-0.0011863491611177578,11109.688509528489,10583.57990199106,-12.435908834947917,0.0,0.0,0.13482558363405617,0.0
2026-01-07 00:00:00+00:00,-0.025423367088877748,-0.026866823222591422,10827.24282030766,10299.232731702094,-282.4456892208299,0.0,0.0,1.9014810681353818,0.0
2026-01-08 00:00:00+00:00,-0.0030099473888787888,-0.0033375636290628036,10794.653389051919,10264.858387129512,-32.58943125574165,0.0,0.0,1.7849133168404032,0.0
2026-01-09 00:00:00+00:00,-0.004951919486555563,-0.005220364195102106,10741.19913458406,10211.272087937548,-53.45425446785925,0.0,0.0,0.13204472410521206,0.0
2026-01-10 00:00:00+00:00,-0.0014679150198610008,-0.0017111998071659706,10725.431967043085,10193.79856110975,-15.767167540973924,0.0,0.0,1.7063592868240662,0.0
2026-01-11 00:00:00+00:00,0.005418268917241493,0.005540071986186271,10783.545241694103,10250.27293895098,58.11327465101783,0.0,0.0,1.6388968097877903,0.0
2026-01-12 00:00:00+00:00,0.003170558222728514,0.0031818376479463414,10817.73509973032,10282.88764328986,34.189858036218176,0.0,0.0,1.575153697338358,0.0
2026-01-13 00:00:00+00:00,0.045412453438509186,0.04758659803791485,11308.99499125695,10772.215284240136,491.2598915266297,0.0,0.0,1.9322505763535884,0.0
2026-01-14 00:00:00+00:00,0.01593702761803132,0.016473288901283526,11489.22675676479,10949.669098724245,180.23176550783987,0.0,0.0,2.7779510237300737,0.0
2026-01-15 00:00:00+00:00,-0.013873053051916898,-0.014640544354740988,11329.83610444269,10789.359982614636,-159.39065232210106,0.0,0.0,0.9184637875080582,0.0
2026-01-16 00:00:00+00:00,-0.0007251229465313688,-0.000929527663860459,11321.620580302919,10779.330974035447,-8.215524139770968,0.0,0.0,1.813484439418338,0.0
2026-01-17 00:00:00+00:00,-0.004049184979795929,-0.004282065837067343,11275.777244302208,10733.173169125088,-45.843336000711055,0.0,0.0,0.314468909647985,0.0
2026-01-18 00:00:00+00:00,-0.0156538469625922,-0.016665820231253653,11099.267952935621,10554.296034577534,-176.50929136658635,0.0,0.0,2.3678431809674274,0.0
2026-01-19 00:00:00+00:00,-0.011077157728002489,-0.01165024520760539,10976.31961115559,10431.335897781048,-122.94834178003119,0.0,0.0,0.011795016454286267,0.0
2026-01-20 00:00:00+00:00,-0.04536981034259297,-0.04795275854804982,10478.326072137777,9931.124566141149,-497.9935390178129,0.0,0.0,2.2177926220861837,0.0
2026-01-21 00:00:00+00:00,0.011468842243172912,0.012034030339344394,10598.500340831652,10050.6360204739,120.17426869387384,0.0,0.0,0.6628143611228203,0.0
2026-01-22 00:00:00+00:00,0.001321014306327735,0.0013336904135267328,10612.50111140751,10064.040457384252,14.000770575857986,0.0,0.0,0.5963336655054756,0.0
2026-01-23 00:00:00+00:00,0.0004122025355482146,0.0002984756962073245,10616.87561127414,10067.044328866428,4.374499866630421,0.0,0.0,1.3706283844539757,0.0
2026-01-24 00:00:00+00:00,-0.004197373710304103,-0.004565918753865705,10572.312616697809,10021.07902236926,-44.56299457633087,0.0,0.0,1.4023119208377421,0.0
2026-01-25 00:00:00+00:00,-0.028608400304552282,-0.030270022506048284,10269.855665214449,9717.740734827254,-302.45695148335955,0.0,0.0,0.8813360586463151,0.0
2026-01-26 00:00:00+00:00,0.019316901538518304,0.020369389149121838,10468.23745591419,9915.685177505224,198.3817906997419,0.0,0.0,0.4373480217723895,0.0
2026-01-27 00:00:00+00:00,0.01027041228870865,0.010634700060640054,10575.75057052253,10021.135515263726,107.51311460834127,0.0,0.0,2.062776849838781,0.0
2026-01-28 00:00:00+00:00,0.0006198919168558855,0.0004818375417103096,10582.30639281588,10025.964074565547,6.555822293350936,0.0,0.0,1.7272629915303843,0.0
2026-01-29 00:00:00+00:00,-0.052211183853809504,-0.055252318492556456,10029.791648143228,9472.006314322722,-552.5147446726536,0.0,0.0,1.4430155701710776,0.0
2026-01-30 00:00:00+00:00,-0.004622723802004235,-0.004823869372600193,9983.426691562212,9426.314593165984,-46.36495658101499,0.0,0.0,-0.6732354242779787,0.0
2026-01-31 00:00:00+00:00,-0.06546637264925592,-0.06953335909894237,9329.847959455872,8770.871275579773,-653.5787321063399,0.0,0.0,1.8645854798713435,0.0
2026-02-01 00:00:00+00:00,-0.022278385150623418,-0.023743499637145983,9121.994013218356,8562.620096630591,-207.85394623751588,2.1843526987197493e-15,2.4937198414837412e-18,0.39723271166659324,4.682504384234668e-16
2026-02-02 00:00:00+00:00,0.022773024823805728,0.02418237157062926,9329.729409323985,8769.68455742545,207.73539610562887,0.0,0.0,0.6709353107704963,0.0
2026-02-03 00:00:00+00:00,-0.03753688121516781,-0.03989082505709132,8979.520464716534,8419.854604939315,-350.20894460745217,0.0,0.0,-0.37899212131824506,0.0
2026-02-04 00:00:00+00:00,-0.03450943632871026,-0.03694392724095636,8669.642274977048,8108.7921090350055,-309.87818973948595,0.0,0.0,1.1843061648234292,0.0
2026-02-05 00:00:00+00:00,-0.14025592570004902,-0.15009025762992895,7453.673572211863,6891.741412322406,-1215.9687027651848,0.0,0.0,1.0819939474140245,0.0
2026-02-06 00:00:00+00:00,0.1217585759364821,0.1316599701450478,8361.22225185977,7799.107880916164,907.5486796479079,0.0,0.0,0.18221105415037497,0.0
2026-02-07 00:00:00+00:00,-0.017991180932665912,-0.019373839015006986,8210.79398950833,7648.009220370622,-150.42826235144145,0.0,0.0,0.6703981941005905,0.0
2026-02-08 00:00:00+00:00,0.015015860502655928,0.016110781744898207,8334.086126670833,7771.224627702982,123.29213716250281,0.0,0.0,0.07672983014261933,0.0
2026-02-09 00:00:00+00:00,-0.002625885311685272,-0.0029983741562049017,8312.201772324488,7747.923588617214,-21.88435434634494,0.0,0.0,1.4166847394227422,0.0
2026-02-10 00:00:00+00:00,-0.018700572626594643,-0.020102569263791056,8156.758839394225,7592.170418026476,-155.4429329302628,0.0,0.0,0.31023766047530993,0.0
2026-02-11 00:00:00+00:00,-0.02545771121863031,-0.027518159463043,7949.106428380916,7383.247861792625,-207.6524110133083,0.0,0.0,1.2701452205420938,0.0
2026-02-12 00:00:00+00:00,-0.01207706773925588,-0.013139993076220423,7853.104531578806,7286.232036008651,-96.0018968021107,0.0,0.0,1.0139289818636308,0.0
2026-02-13 00:00:00+00:00,0.03882680257053963,0.041649934263550153,8158.015470792227,7589.703121337385,304.9109392134204,0.0,0.0,1.4398538846869036,0.0
2026-02-14 00:00:00+00:00,0.014185881255367827,0.015170514266907442,8273.74410954034,7704.842820821225,115.72863874811219,0.0,0.0,0.5889392642714434,0.0
2026-02-15 00:00:00+00:00,-0.014249667937602354,-0.015402992555165687,8155.846003378696,7586.165184213394,-117.89810616164331,0.0,0.0,0.7795304461878052,0.0
2026-02-16 00:00:00+00:00,0.0009811531383818383,0.0009303839800832808,8163.84813728107,7593.223230771052,8.00213390237398,0.0,0.0,0.9440873447163073,0.0
2026-02-17 00:00:00+00:00,-0.020088841646082767,-0.021706759567144424,7999.845884828563,7428.398959761049,-164.00225245250718,0.0,0.0,0.8220185574956611,0.0
2026-02-18 00:00:00+00:00,-0.015598534099379394,-0.016864820938938426,7875.060016004284,7303.120341441682,-124.78586882427825,0.0,0.0,0.4927494950883148,0.0
2026-02-19 00:00:00+00:00,0.008156186914874701,0.008710582663323247,7939.290477460671,7366.734774876008,64.2304614563871,0.0,0.0,0.6160280220618406,0.0
2026-02-20 00:00:00+00:00,0.015178460771182276,0.016172945864535517,8059.7966865238295,7485.8765775884685,120.5062090631578,0.0,0.0,1.3644063506968933,0.0
2026-02-21 00:00:00+00:00,-0.0006310085546520212,-0.0009165754702521844,8054.710885865877,7479.015206744116,-5.085800657952551,0.0,0.0,1.7755701864004125,0.0
2026-02-22 00:00:00+00:00,-0.004767196273374114,-0.0053683527115100755,8016.312498147671,7438.865215179566,-38.39838771820571,0.0,0.0,1.7516038463441506,0.0
2026-02-23 00:00:00+00:00,-0.04428893397772246,-0.04769132663059375,7661.278563172417,7084.095864441475,-355.0339349752536,0.0,0.0,-0.2645842371628888,0.0
2026-02-24 00:00:00+00:00,-0.00923175004023232,-0.010030334674095965,7590.551554488619,7013.040012057748,-70.72700868379798,0.0,0.0,0.32884369992917717,0.0
2026-02-25 00:00:00+00:00,0.06151039698133023,0.06659714934992378,8057.449393912468,7480.088485137749,466.8978394238482,0.0,0.0,-0.1506336561528987,0.0
2026-02-26 00:00:00+00:00,-0.007622861817422169,-0.00844956963881939,7996.0285705818005,7416.8849565780465,-61.42082333066675,0.0,0.0,1.7827052290356922,0.0
2026-02-27 00:00:00+00:00,-0.023816689770713863,-0.02578684799594067,7805.589638718489,7225.626871599389,-190.43893186331135,0.0,0.0,0.819153115345731,0.0
2026-02-28 00:00:00+00:00,0.01664740340906488,0.01789955014658749,7935.5324382798535,7354.962342128112,129.9427995613637,0.0,0.0,0.6073290326403662,0.0
2026-03-01 00:00:00+00:00,-0.017901586836813702,-0.019453700018691726,7793.473815239635,7211.881111075578,-142.05862304021878,1.3934312037555684e-15,1.77135513666043e-18,1.0226080123158325,3.5118782881759995e-16
2026-03-02 00:00:00+00:00,0.04653946842024403,0.05027851274580137,8156.177943747978,7574.483767439995,362.70412850834373,0.0,0.0,0.10147214392617322,0.0
2026-03-03 00:00:00+00:00,-0.007340180292269992,-0.007926379346725375,8096.310127145032,7514.445535743652,-59.8678166029461,0.0,0.0,0.1704150933968902,0.0
2026-03-04 00:00:00+00:00,0.06369336285259126,0.068634496432485,8611.99134584039,8030.1957210587525,515.6812186953579,0.0,0.0,-0.06896661974257334,0.0
2026-03-05 00:00:00+00:00,-0.02467502612042514,-0.02668975870256859,8399.490234432902,7815.871734929296,-212.5011114074869,0.0,0.0,1.822874721969998,0.0
2026-03-06 00:00:00+00:00,-0.03916625971393811,-0.042198246708063276,8070.513618446416,7486.055651220171,-328.97661598648597,0.0,0.0,0.8394677226389851,0.0
2026-03-07 00:00:00+00:00,-0.012472677916705924,-0.013457033249126523,7969.852701461145,7385.315551416889,-100.66091698527104,0.0,0.0,0.07918281801030927,0.0
2026-03-08 00:00:00+00:00,-0.019118607359763954,-0.020610798054890835,7817.480216946756,7233.098304014991,-152.3724845143897,0.0,0.0,-0.1552371124914589,0.0
2026-03-09 00:00:00+00:00,0.037080846314359386,0.04013380390303184,8107.358999436903,7523.390052959681,289.8787824901475,0.0,0.0,-0.41296645454234965,0.0
2026-03-10 00:00:00+00:00,0.022303750972398336,0.024048309543636386,8288.183515604176,7704.314865770771,180.82451616727323,0.0,0.0,-0.10029664381612488,0.0
2026-03-11 00:00:00+00:00,0.003412817949191149,0.003739590490246033,8316.469577072421,7733.125848376668,28.28606146824413,0.0,0.0,-0.5249211376533873,0.0
2026-03-12 00:00:00+00:00,0.004675594962331526,0.005121904989566041,8355.354020331364,7772.73418424441,38.88444325894321,0.0,0.0,-0.7238926087993773,0.0
2026-03-13 00:00:00+00:00,0.005923708312346144,0.0063120682686501365,8404.848700394195,7821.796213049432,49.49468006283168,0.0,0.0,0.43265125781032804,0.0
2026-03-14 00:00:00+00:00,0.0038901505000211996,0.004288159390577668,8437.544826768637,7855.3373219316045,32.69612637444101,0.0,0.0,-0.8449825077317581,0.0
2026-03-15 00:00:00+00:00,0.022498763572600812,0.024207710801610008,8627.379152959325,8045.4970560700185,189.83432619068864,0.0,0.0,-0.32540794772528486,0.0
2026-03-16 00:00:00+00:00,0.028418077310471603,0.030379739380496026,8872.552680714874,8289.917159819974,245.17352775554912,0.0,0.0,0.7534240055939329,0.0
2026-03-17 00:00:00+00:00,-0.012981980754173334,-0.01399673332247445,8757.369372573445,8173.885400068569,-115.18330814142952,0.0,0.0,0.8484516099754544,0.0
2026-03-18 00:00:00+00:00,-0.035995375697503475,-0.03858792835390374,8442.144571885854,7858.472095877703,-315.2248006875914,0.0,0.0,0.1885035032743406,0.0
2026-03-19 00:00:00+00:00,-0.018631795943357583,-0.020062228818579688,8284.852256898153,7700.813630525781,-157.2923149877011,0.0,0.0,0.3661503642208972,0.0
2026-03-20 00:00:00+00:00,0.008462498282888326,0.009069697160861648,8354.962804896137,7770.657678046886,70.1105479979841,0.0,0.0,0.26650047687973544,0.0
2026-03-21 00:00:00+00:00,-0.02251682128151056,-0.024184961355837233,8166.835600604622,7582.724622393882,-188.1272042915145,0.0,0.0,-0.19414863851067518,0.0
2026-03-22 00:00:00+00:00,-0.015363779280672162,-0.016432494289322933,8041.362141015397,7458.121543338886,-125.47345958922509,0.0,0.0,-0.8703805342292268,0.0
2026-03-23 00:00:00+00:00,0.04468612387569686,0.04821483990661181,8400.699445778151,7817.713679555023,359.337304762753,0.0,0.0,-0.2548314533839771,0.0
2026-03-24 00:00:00+00:00,-0.004771245519460442,-0.005273279017704071,8360.61764618715,7776.4886940422075,-40.08179959100282,0.0,0.0,1.1431859218127738,0.0
2026-03-25 00:00:00+00:00,0.011104037071120653,0.01185766902652218,8453.454254467877,7868.699723164652,92.8366082807276,0.0,0.0,0.6255791582834048,0.0
2026-03-26 00:00:00+00:00,-0.03516485057567981,-0.03800361446914821,8156.189798761169,7569.6606925120095,-297.2644557067076,0.0,0.0,1.7745749459350328,0.0
2026-03-27 00:00:00+00:00,-0.035414501558877605,-0.038264391207322425,7867.3424024184405,7280.012234467039,-288.84739634272904,0.0,0.0,0.801061702241641,0.0
2026-03-28 00:00:00+00:00,-0.00034507180205828813,-0.0003596819419757187,7864.627604398229,7277.393745528939,-2.714798020212113,0.0,0.0,-0.0963090821120168,0.0
2026-03-29 00:00:00+00:00,-0.005420552576797528,-0.0058472912916797135,7821.996976971655,7234.840704454583,-42.63062742657379,0.0,0.0,-0.07758635221801563,0.0
2026-03-30 00:00:00+00:00,0.01189139215374248,0.01273508831088057,7915.011410450214,7326.977039740966,93.01443347855813,0.0,0.0,0.8780981921756283,0.0
2026-03-31 00:00:00+00:00,0.0221073584851966,0.023736535455569023,8089.991405115458,7500.894090026917,174.97999466524442,0.0,0.0,1.0629443792928295,0.0
2026-04-01 00:00:00+00:00,-0.002375401334386547,-0.0027282077826920634,8070.774428736571,7480.430092393357,-19.216976378886958,1.4205532583577708e-15,2.1213353210972856e-18,1.247021254673382,3.5118782881759985e-16
2026-04-02 00:00:00+00:00,-0.017838099854580625,-0.019187216314747613,7926.807148572972,7336.901462083259,-143.96728016359884,0.0,0.0,-0.4386498535000255,0.0
2026-04-03 00:00:00+00:00,0.0009616448763619069,0.000969248799604951,7934.429922053307,7344.012745018203,7.622773480334136,0.0,0.0,0.5114905453901278,0.0
2026-04-04 00:00:00+00:00,0.005056111784296601,0.005439466472784374,7974.547286683876,7383.96025612043,40.117364630569284,0.0,0.0,0.16985352834163278,0.0
2026-04-05 00:00:00+00:00,0.025877357943607026,0.027914076732440368,8180.907501259615,7590.076689299066,206.36021457573887,0.0,0.0,0.24378139710312957,0.0
2026-04-06 00:00:00+00:00,-0.00282720843960129,-0.0032651738954608497,8157.778370528456,7565.293769028621,-23.129130731158686,0.0,0.0,1.6537895392865347,0.0
2026-04-07 00:00:00+00:00,0.044930529014181986,0.04838468589352563,8524.311668296752,7931.338131735317,366.53329776829503,0.0,0.0,0.48893506159859035,0.0
2026-04-08 00:00:00+00:00,-0.012000606358137843,-0.01319753503584194,8422.014759491442,7826.664018860631,-102.29690880531061,0.0,0.0,2.3772040693753995,0.0
2026-04-09 00:00:00+00:00,0.010096872545459191,0.010660525836139228,8507.050769094003,7910.100372844476,85.03600960256124,0.0,0.0,1.5996556187161994,0.0
2026-04-10 00:00:00+00:00,0.016257171564303216,0.017417043298152777,8645.351352953401,8047.870933531042,138.30058385939884,0.0,0.0,0.5300231728321959,0.0
2026-04-11 00:00:00+00:00,0.0012204202359387705,0.001202418672794436,8655.902314691346,8057.54784381776,10.55096173794496,0.0,0.0,0.8740514512276459,0.0
2026-04-12 00:00:00+00:00,-0.031593637993445195,-0.03403477883425919,8382.430870454364,7783.31098500696,-273.47144423698273,0.0,0.0,0.7654145738167096,0.0
2026-04-13 00:00:00+00:00,0.0520097471428228,0.05593760710229194,8818.398980468886,8218.690776841233,435.96811001452346,0.0,0.0,0.5883181802512352,0.0
2026-04-14 00:00:00+00:00,-0.0038367744207867967,-0.004231729891581065,8784.564772828331,8183.911497411213,-33.83420764055539,0.0,0.0,0.9450717894652612,0.0
2026-04-15 00:00:00+00:00,0.009087719298245535,0.009949609824069339,8864.396431641051,8265.338223645169,79.83165881271994,0.0,0.0,-1.5950674212366713,0.0
2026-04-16 00:00:00+00:00,0.004457467495125311,0.004883165991689269,8903.909190598995,8305.699242168683,39.51275895794478,0.0,0.0,-0.8482595655686948,0.0
2026-04-17 00:00:00+00:00,0.025647512139396395,0.027582767194118774,9132.272309652966,8534.79341074979,228.36311905397085,0.0,0.0,-0.7310495271366564,0.0
2026-04-18 00:00:00+00:00,-0.017959835395220232,-0.019205114473355205,8968.258202187271,8370.881726289903,-164.01410746569496,0.0,0.0,-0.10242300580754175,0.0
2026-04-19 00:00:00+00:00,-0.024865993826793383,-0.026491958980907247,8745.253549094594,8149.120670963005,-223.0046530926778,0.0,0.0,-1.2435977657796726,0.0
2026-04-20 00:00:00+00:00,0.027586337781489098,0.029592690013443144,8986.503067484684,8390.275072860955,241.2495183900898,0.0,0.0,0.09511649213979896,0.0
2026-04-21 00:00:00+00:00,0.006580179780854196,0.007042593735391172,9045.63587326993,8449.364371527294,59.13280578524692,0.0,0.0,0.04350711890764719,0.0
2026-04-22 00:00:00+00:00,0.02417885722823207,0.0259130733105522,9264.349011588298,8668.313369914249,218.71313831836795,0.0,0.0,-0.23586006858661668,0.0
2026-04-23 00:00:00+00:00,0.0008023330360307304,0.001016271264898897,9271.782104857613,8677.122727707232,7.433093269315935,0.0,0.0,-1.37626452366684,0.0
2026-04-24 00:00:00+00:00,-0.01052425655096939,-0.011169357395514121,9174.203491301405,8580.204842796731,-97.57861355620851,0.0,0.0,-0.6607286457080742,0.0
2026-04-25 00:00:00+00:00,0.0026012221738361107,0.0029075932110432696,9198.067632850263,8605.152588147008,23.864141548857877,0.0,0.0,-1.0836038014184846,0.0
2026-04-26 00:00:00+00:00,0.013321647677475975,0.014181999546473529,9320.60104916869,8727.190858249443,122.53341631842665,0.0,0.0,0.4951462159902775,0.0
2026-04-27 00:00:00+00:00,-0.01645858135677727,-0.017411740931514676,9167.197178506884,8575.235271965721,-153.40387066180648,0.0,0.0,-1.44828437808395,0.0
2026-04-28 00:00:00+00:00,-0.013264345460094607,-0.014029024828814908,9045.600308230363,8454.933083422384,-121.59687027651987,0.0,0.0,-1.2946817331833962,0.0
2026-04-29 00:00:00+00:00,-0.007167580361694719,-0.007683029616717223,8980.765241101351,8389.973582135088,-64.83506712901165,0.0,0.0,0.12443415828479659,0.0
2026-04-30 00:00:00+00:00,0.007364530394033321,0.007966465149681584,9046.90435968112,8456.812014283916,66.13911857976889,0.0,0.0,-0.6993135690594402,0.0
2026-05-01 00:00:00+00:00,0.024668175367467363,0.02645292826318883,9270.07498295844,8680.519455833042,223.17062327731892,5.295271165994819e-16,7.764275992260024e-19,-0.5368182718069328,1.1706260960586662e-16
2026-05-02 00:00:00+00:00,0.0058890932203173076,0.006326789297694275,9324.667318692414,8735.439273424634,54.592335733973634,0.0,0.0,-0.3274818576177887,0.0
2026-05-03 00:00:00+00:00,-0.0015866578349492963,-0.0017065318070451558,9309.872262232915,8720.531968456024,-14.795056459498966,0.0,0.0,0.11224850911159825,0.0
2026-05-04 00:00:00+00:00,0.016429159912442294,0.01748841825473937,9462.82564239355,8873.040278924209,152.95338016063545,0.0,0.0,0.44506969245084516,0.0
2026-05-05 00:00:00+00:00,0.013204495541916753,0.014120769439322204,9587.777481402472,8998.334434928716,124.95183900892118,0.0,0.0,-0.3423169955867421,0.0
2026-05-06 00:00:00+00:00,0.006434597460534849,0.006883690134273568,9649.470970036478,9060.276180903329,61.69348863400556,0.0,0.0,-0.24825734060736693,0.0
2026-05-07 00:00:00+00:00,-0.017402639205756566,-0.018582879920765398,9481.544708218511,8891.910156584632,-167.92626181796666,0.0,0.0,0.43976250073082035,0.0
2026-05-08 00:00:00+00:00,0.00216681337147662,0.0022790197293031866,9502.089446074533,8912.17499526268,20.544737856021257,0.0,0.0,0.27989917797349406,0.0
2026-05-09 00:00:00+00:00,0.005977355665762213,0.006361098516781567,9558.886814261607,8968.866218406343,56.797368187072934,0.0,0.0,0.10614504340973277,0.0
2026-05-10 00:00:00+00:00,0.019239355289985414,0.020393744102755695,9742.793633857942,9151.774980956372,183.90681959633585,0.0,0.0,0.9980570463067009,0.0
2026-05-11 00:00:00+00:00,-0.005917289363115542,-0.006443713852334535,9685.142704721284,9092.803561738136,-57.65092913665742,0.0,0.0,1.320490081579774,0.0
2026-05-12 00:00:00+00:00,-0.015134044746048287,-0.0160202482972486,9538.567321656168,8947.134590960984,-146.57538306511503,0.0,0.0,-0.9064122879636336,0.0
2026-05-13 00:00:00+00:00,-0.01456620788911785,-0.015657206021604995,9399.626567084579,8807.04746136728,-138.9407545715898,0.0,0.0,1.146375022114894,0.0
2026-05-14 00:00:00+00:00,0.022345065217775115,0.023725811591156255,9609.661835748815,9016.00181011005,210.03526866423653,0.0,0.0,1.0809199214654739,0.0
2026-05-15 00:00:00+00:00,-0.02439553959479348,-0.026075120646126583,9375.22894994223,8780.908475165736,-234.432885806586,0.0,0.0,0.6604491377292129,0.0
2026-05-16 00:00:00+00:00,-0.012335235147137667,-0.01343022693072394,9259.583296286439,8662.978881686342,-115.64565365578996,0.0,0.0,2.2839398236029975,0.0
2026-05-17 00:00:00+00:00,-0.008858372307696172,-0.009507961267225981,9177.55846003381,8580.611614020472,-82.02483625262983,0.0,0.0,0.3424314132405608,0.0
2026-05-18 00:00:00+00:00,-0.005848995672673291,-0.006410257406660362,9123.878960315365,8525.607684868022,-53.67949971844391,0.0,0.0,1.3244294340067424,0.0
2026-05-19 00:00:00+00:00,-0.002108827450358785,-0.002500648263818,9104.6382739101,8504.288138812864,-19.240686405264015,0.0,0.0,2.078859649894605,0.0
2026-05-20 00:00:00+00:00,0.009277355829890402,0.009754088692940123,9189.105242879605,8587.239719589164,84.46696896950317,0.0,0.0,1.5153881932038011,0.0
2026-05-21 00:00:00+00:00,0.0009121121265760271,0.0008280391697180026,9197.486737204019,8594.350290436743,8.381494324413836,0.0,0.0,1.2709234768357711,0.0
2026-05-22 00:00:00+00:00,-0.026737781810729503,-0.028705528246360797,8951.56634361758,8347.644925415492,-245.92039358643947,0.0,0.0,0.7849714348115919,0.0
2026-05-23 00:00:00+00:00,0.01589883020102319,0.01697855538562375,9093.88577694795,8489.37587712118,142.31943333036992,0.0,0.0,0.5884816246819349,0.0
2026-05-24 00:00:00+00:00,0.004182027709844489,0.004300054928265831,9131.916659257306,8525.880659699496,38.030882309357004,0.0,0.0,1.5260997310410156,0.0
2026-05-25 00:00:00+00:00,0.0032896274178890583,0.003502937737841518,9161.957262677477,8555.746288810691,30.040603420170687,0.0,0.0,0.1749743089761816,0.0
2026-05-26 00:00:00+00:00,-0.01792364207578855,-0.01933819275260671,8997.741619987575,8390.293617935271,-164.21564268990252,0.0,0.0,1.23702818551815,0.0
2026-05-27 00:00:00+00:00,-0.019555140965134835,-0.02115747543308898,8821.789514240858,8212.776186837402,-175.9521057467177,0.0,0.0,1.5653253511510465,0.0
2026-05-28 00:00:00+00:00,-0.01112559464616865,-0.012259415289228734,8723.641860051594,8112.092352885474,-98.14765418926483,0.0,0.0,2.536179762663281,0.0
2026-05-29 00:00:00+00:00,-0.0021022992114001363,-0.002477733809206929,8705.30215464867,8091.99274739932,-18.339705402923684,0.0,0.0,1.7599000832296423,0.0
2026-05-30 00:00:00+00:00,0.005701920431859007,0.006060280820952966,8754.939094869767,8141.032495849675,49.63694022109749,0.0,0.0,0.5971917707428934,0.0
2026-05-31 00:00:00+00:00,-0.002720375463269632,-0.0029446430202918843,8731.122373373664,8117.0600613328015,-23.816721496103757,0.0,0.0,0.1557130207694076,0.0
2026-06-01 00:00:00+00:00,-0.030679219869326486,-0.0331833750947276,8463.258350374937,7847.708612651162,-267.86402299872634,2.0441759396305768e-15,2.6778205932735854e-18,1.487425682912652,4.682504384234663e-16
2026-06-02 00:00:00+00:00,-0.06537357630022259,-0.07082480638053104,7909.984884858206,7291.896169629318,-553.2734655167319,0.0,0.0,2.5389775051124817,0.0
2026-06-03 00:00:00+00:00,-0.03904967874501482,-0.04259228721593137,7601.10251622657,6981.317633623717,-308.882368631636,0.0,0.0,1.6961673739657441,0.0
2026-06-04 00:00:00+00:00,-0.0042032403161710126,-0.004708460557185458,7569.153255683017,6948.446374908616,-31.949260543552445,0.0,0.0,0.9219981715481411,0.0
2026-06-05 00:00:00+00:00,-0.04420832700316533,-0.04816582061890502,7234.533653418709,6613.768753234687,-334.6196022643083,0.0,0.0,0.058019409621004325,0.0
2026-06-06 00:00:00+00:00,-0.002880781842225505,-0.0030924992612771382,7213.692540232971,6593.315678251051,-20.84111318573796,0.0,0.0,-0.38803820210187184,0.0
2026-06-07 00:00:00+00:00,0.04040638101013483,0.04427585331985232,7505.171749503592,6885.240356112778,291.4792092706208,0.0,0.0,-0.4454685911053746,0.0
2026-06-08 00:00:00+00:00,-0.003888923990648846,-0.004263157228780633,7475.984707033007,6855.8874939167235,-29.187042470584487,0.0,0.0,0.1658197254698408,0.0
2026-06-09 00:00:00+00:00,-0.021623233082468406,-0.023596588569264023,7314.329747191863,6694.111937445608,-161.65495984114398,0.0,0.0,0.12059662997153758,0.0
2026-06-10 00:00:00+00:00,-0.0036127472114258472,-0.0039724989377183054,7287.904922794247,6667.519584885138,-26.424824397616526,0.0,0.0,0.16752816285358355,0.0
2026-06-11 00:00:00+00:00,0.03451304832997964,0.03786397937741628,7539.432737618941,6919.978408945748,251.52781482469436,0.0,0.0,-0.931009235915649,0.0
2026-06-12 00:00:00+00:00,-0.0008663930688554263,-0.0009287727391933552,7532.9006253519665,6913.551321643713,-6.5321122669747425,0.0,0.0,-0.10502496493932438,0.0
2026-06-13 00:00:00+00:00,0.013775162530550639,0.015059490593623114,7636.6675557926765,7017.665882740537,103.76693044070988,0.0,0.0,-0.34763065611426347,0.0
2026-06-14 00:00:00+00:00,0.019879783660264744,0.021786853955644954,7788.482854687198,7170.558744437318,151.81529889452113,0.0,0.0,-1.0775628022591652,0.0
2026-06-15 00:00:00+00:00,0.00905509773538831,0.010053932955043181,7859.008328146786,7242.651061304089,70.52547345958872,0.0,0.0,-1.5668434071826858,0.0
2026-06-16 00:00:00+00:00,-0.009714493451013462,-0.010450935433002486,7782.662043211544,7166.958582698633,-76.34628493524221,0.0,0.0,-0.6538063297862449,0.0
2026-06-17 00:00:00+00:00,-0.017934856288090918,-0.019450485950882238,7643.081117927765,7027.557755475298,-139.58092528377907,0.0,0.0,-0.1800980604444244,0.0
2026-06-18 00:00:00+00:00,-0.024049460767814515,-0.026229588659708196,7459.269138436937,6843.227806266839,-183.8119794908277,0.0,0.0,0.5179697176315589,0.0
2026-06-19 00:00:00+00:00,0.00937051022873197,0.01018266647150082,7529.166296197525,6912.910112606554,69.89715776058803,0.0,0.0,0.2148514208725822,0.0
2026-06-20 00:00:00+00:00,0.011827984078198172,0.01287821612726627,7618.221155271056,7001.936063105066,89.05485907353062,0.0,0.0,0.028908575018802785,0.0
2026-06-21 00:00:00+00:00,-0.015292180711342343,-0.016599340432164038,7501.7219406656795,6885.708542709339,-116.49921460537622,0.0,0.0,-0.2716942096488196,0.0
2026-06-22 00:00:00+00:00,0.011299185036402341,0.012264975892829788,7586.4852849649005,6970.161591990721,84.76334429922078,0.0,0.0,0.3102950178385965,0.0
2026-06-23 00:00:00+00:00,-0.020195674900263954,-0.022075918321969916,7433.271094514113,6816.288873995002,-153.21419045078747,0.0,0.0,0.6585275449314844,0.0
2026-06-24 00:00:00+00:00,-0.026337487938885056,-0.02888777262388493,7237.497406715885,6619.381470864318,-195.7736877982284,0.0,0.0,1.133715332455851,0.0
2026-06-25 00:00:00+00:00,-0.02101225059418405,-0.02280122883315365,7085.421297531213,6468.451439213203,-152.07610918467137,0.0,0.0,-1.146077533556889,0.0
2026-06-26 00:00:00+00:00,0.00509977864149787,0.005484243760548614,7121.555377730377,6503.92600365912,36.134080199163805,0.0,0.0,0.6595157532470947,0.0
2026-06-27 00:00:00+00:00,-0.0012551583846744404,-0.0015095199587716163,7112.616697786095,6494.108197546223,-8.938679944281635,0.0,0.0,0.8791261686155254,0.0
2026-06-28 00:00:00+00:00,-0.00746374383924442,-0.008297018330217227,7059.529948727087,6440.226462792768,-53.08674905900796,0.0,0.0,0.7949856944470164,0.0
2026-06-29 00:00:00+00:00,0.011459489595945543,0.012422440187103286,7140.4285587267905,6520.229790818211,80.89860999970402,0.0,0.0,0.8952819742610946,0.0
2026-06-30 00:00:00+00:00,-0.027015853883280032,-0.029805578863769562,6947.523784120228,6325.890567578079,-192.9047746065628,0.0,0.0,1.4344486335690978,0.0
2026-07-01 00:00:00+00:00,0.02387204990777096,0.02610978271744256,7113.375418630172,6491.058195791862,165.85163450994384,4.066476322339696e-16,5.521671410198682e-19,0.6840062961608122,1.170626096058666e-16
2026-07-02 00:00:00+00:00,0.025563679209907514,0.02777181370957193,7295.219465931676,6671.326654783384,181.84404730150328,0.0,0.0,1.575588309981614,0.0
2026-07-03 00:00:00+00:00,0.016510392121812892,0.017776854130533825,7415.66639992889,6789.92185558261,120.4469339972144,0.0,0.0,1.8517331979880134,0.0
2026-07-04 00:00:00+00:00,0.009053122951736972,0.009706019638264674,7482.8013396165115,6855.824970455177,67.13493968762093,0.0,0.0,1.2318248150535926,0.0
2026-07-05 00:00:00+00:00,0.007828033580854009,0.008331350801439446,7541.376959781889,6912.943253317308,58.575620165377416,0.0,0.0,1.4573373032471166,0.0
2026-07-06 00:00:00+00:00,0.006478194845740025,0.00684501142787326,7590.231469132531,6960.262428886504,48.854509350641614,0.0,0.0,1.5353337814452874,0.0
2026-07-07 00:00:00+00:00,-0.010723852215133008,-0.011941760308691644,7508.834948578902,6877.144643275149,-81.39652055362916,0.0,0.0,1.721265057725391,0.0
2026-07-08 00:00:00+00:00,-0.01713480972988168,-0.018912336526007902,7380.172490441917,6747.081769443497,-128.66245813698538,0.0,0.0,1.400415694666795,0.0
2026-07-09 00:00:00+00:00,0.01515253736330112,0.016455280106028744,7492.000829850946,6858.10688985797,111.82833940902823,0.0,0.0,0.8032189945554302,0.0
2026-07-10 00:00:00+00:00,0.014886806156631027,0.016008448906981283,7603.532793930255,6967.894543602877,111.53196407930982,0.0,0.0,1.7443103344021982,0.0
2026-07-11 00:00:00+00:00,-0.005573944809371087,-0.006185829951829716,7561.151121780645,6924.7923328338675,-42.38167214961038,0.0,0.0,0.7205386193991441,0.0
2026-07-12 00:00:00+00:00,-0.0004735011806171364,-0.0007198319330096656,7557.570907797657,6919.807646183233,-3.5802139829877206,0.0,0.0,1.4044726676465937,0.0
2026-07-13 00:00:00+00:00,-0.022538039215686315,-0.024792916135616183,7387.238078302384,6748.245435536817,-170.33282949527361,0.0,0.0,1.2293811511429302,0.0
2026-07-14 00:00:00+00:00,0.04327814973392479,0.04719855037774381,7706.944073975305,7066.7528376873815,319.7059956729214,0.0,0.0,1.1985935223572417,0.0
2026-07-15 00:00:00+00:00,-0.004383940932164282,-0.005031457136135905,7673.157286387504,7031.196773692891,-33.786787587801285,0.0,0.0,1.7692764066895474,0.0
2026-07-16 00:00:00+00:00,-0.014353032058709922,-0.015809642439460984,7563.024213864461,6920.036066779315,-110.13307252304348,0.0,0.0,1.0276343905327803,0.0
2026-07-17 00:00:00+00:00,0.0017587309549187574,0.0017713580735513655,7576.325538662184,6932.2939285354705,13.301324797723527,0.0,0.0,1.043463041567351,0.0
2026-07-18 00:00:00+00:00,0.013993509440103191,0.015102093619946048,7682.344921608748,7036.986080445196,106.01938294656416,0.0,0.0,1.3272310368379152,0.0
2026-07-19 00:00:00+00:00,-0.0015801859496161633,-0.0018543312835599371,7670.205388103517,7023.937177014251,-12.13953350523123,0.0,0.0,0.9093699257141225,0.0
2026-07-20 00:00:00+00:00,0.00809735997316853,0.008810775311605804,7732.313802199128,7085.823509283758,62.10841409561102,0.0,0.0,0.2220818261036907,0.0
2026-07-21 00:00:00+00:00,0.01986692015209129,0.021694499546207766,7885.931063098332,7239.5469041904225,153.6172608992035,0.0,0.0,-0.1061340074613005,0.0
2026-07-22 00:00:00+00:00,-0.006598035472145264,-0.007260363696519893,7833.899410213116,7186.985160667986,-52.03165288521501,0.0,0.0,0.5300906372221103,0.0
2026-07-23 00:00:00+00:00,-0.015358446994517235,-0.01677594378661328,7713.582881360979,7066.416701617396,-120.31652885213798,0.0,0.0,0.25193019845196557,0.0
2026-07-24 00:00:00+00:00,-0.01454523099621924,-0.015918980644369644,7601.387036543101,6953.926550919298,-112.19584481787783,0.0,0.0,0.29430588021988713,0.0
2026-07-25 00:00:00+00:00,0.0035043886736661535,0.0037691027466674027,7628.0252511781155,6980.136614582491,26.63821463501437,0.0,0.0,0.4281509718210642,0.0
2026-07-26 00:00:00+00:00,0.016085340892666476,0.01749064740504905,7750.724637681184,7102.223722947227,122.69938650306781,0.0,0.0,0.6122781383326958,0.0
2026-07-27 00:00:00+00:00,-0.02526640695143571,-0.02773823739373564,7554.891674817011,6905.220555296695,-195.8329628641719,0.0,0.0,1.1702047863592346,0.0
2026-07-28 00:00:00+00:00,0.0027099803224358283,0.0029355644244075238,7575.3652825939,6925.491275101512,20.47360777688836,0.0,0.0,0.20288797207181827,0.0
2026-07-29 00:00:00+00:00,0.0008591535850491852,0.0007472900889377676,7581.873684834498,6930.66662609242,6.5084022405976825,0.0,0.0,1.33305124968934,0.0
2026-07-30 00:00:00+00:00,0.012549448831209415,0.013507547230257511,7677.022020687022,7024.282932881533,95.14833585252372,0.0,0.0,1.5320290634108786,0.0
2026-07-31 00:00:00+00:00,-0.029334008672341125,-0.03231180065695959,7451.824190154435,6797.315702996182,-225.1978305325869,0.0,0.0,1.7693993527646836,0.0
2026-08-01 00:00:00+00:00,-0.0010993031913200952,-0.0012743479614198126,7443.632376041042,6788.653557586942,-8.191814113393054,1.7446599720472024e-15,2.9752477176456588e-18,0.47033129584700983,4.682504384234661e-16
2026-08-02 00:00:00+00:00,0.012053085816123481,0.01315328970281554,7533.35111585314,6877.946684521932,89.71873981209781,0.0,0.0,0.42561287710739487,0.0
2026-08-03 00:00:00+00:00,-0.0006640889942198621,-0.0008499220462643589,7528.348300287508,6872.100966001726,-5.0028155656319875,0.0,0.0,0.8429029545740563,0.0
2026-08-04 00:00:00+00:00,0.009048320171329116,0.009711402513907608,7596.467206069791,6938.838704598782,68.11890578228272,0.0,0.0,1.3811671852266638,0.0
2026-08-05 00:00:00+00:00,0.00856298797873227,0.009297431443325713,7661.515663436201,7003.352081751084,65.04845736640954,0.0,0.0,0.5350802141073627,0.0
2026-08-06 00:00:00+00:00,-0.005095409334827081,-0.005783794284046709,7622.477105005804,6962.846134011485,-39.03855843039672,0.0,0.0,1.467389309201824,0.0
2026-08-07 00:00:00+00:00,0.009151211166841656,0.009868344416194705,7692.232002608128,7031.557897778881,69.75489760232398,0.0,0.0,1.043133834928859,0.0
2026-08-08 00:00:00+00:00,0.0006549959236136047,0.0006087962260867472,7697.270383213327,7035.838683690559,5.038380605198439,0.0,0.0,0.7575946935201945,0.0
2026-08-09 00:00:00+00:00,-0.000897912161704322,-0.0010527314030753271,7690.358910524313,7028.431835361266,-6.911472689013733,0.0,0.0,0.4953756402794919,0.0
2026-08-10 00:00:00+00:00,-0.014220727268803345,-0.015829596086419182,7580.996413858535,6917.174598286568,-109.36249666577788,0.0,0.0,1.894740408920803,0.0
2026-08-11 00:00:00+00:00,-0.00596738579712137,-0.006868849206728761,7535.757683530447,6869.661569034322,-45.23873032808746,0.0,0.0,2.27429892415756,0.0
2026-08-12 00:00:00+00:00,-0.0016439606078721327,-0.002027974401772251,7523.369194748253,6855.730071223482,-12.388488782193809,0.0,0.0,1.5430090286463933,0.0
2026-08-13 00:00:00+00:00,-7.40606509458032e-05,-0.0003282240306957068,7522.8120091283845,6853.479855866143,-0.5571856198686589,0.0,0.0,1.6930297374700771,0.0
2026-08-14 00:00:00+00:00,-0.006889726554128231,-0.00787280120121038,7470.981891467378,6799.5237714244095,-51.830117661006575,0.0,0.0,2.1259667807275466,0.0
2026-08-15 00:00:00+00:00,0.0005998133913893916,0.0004064187400720449,7475.463086452708,6802.287225308682,4.48119498532978,0.0,0.0,1.7177411010575523,0.0
2026-08-16 00:00:00+00:00,-0.002833925915118675,-0.0032929750880534214,7454.2781778844965,6779.887462933956,-21.184908568211366,0.0,0.0,1.2148538065141523,0.0
2026-08-17 00:00:00+00:00,0.025786156520411545,0.02817967013913331,7646.495361726114,6970.942455219881,192.2171838416178,0.0,0.0,1.1621915556935092,0.0
2026-08-18 00:00:00+00:00,0.003108522312368508,0.0033498549721275406,7670.264663169462,6994.294101463914,23.76930144334793,0.0,0.0,0.4176551993146484,0.0
2026-08-19 00:00:00+00:00,0.07120954056067479,0.07787040976064087,8216.460685812539,7538.9426491313425,546.1960226430764,0.0,0.0,1.5474749756480133,0.0
2026-08-20 00:00:00+00:00,0.05322192708190569,0.057722772114094496,8653.7565573042,7974.111317648379,437.2958714916598,0.0,0.0,2.1272029746234375,0.0
2026-08-21 00:00:00+00:00,0.0728910661592456,0.07889501286560358,9284.538099048665,8603.228932646003,630.7815417444658,0.0,0.0,1.6639267468418382,0.0
2026-08-22 00:00:00+00:00,-0.015714260177176427,-0.017282465677377123,9138.638451735307,8454.543923902931,-145.89964731335775,0.0,0.0,2.7853614297145994,0.0
2026-08-23 00:00:00+00:00,0.008290664926634632,0.008637224953911579,9214.403841024303,8527.567721656407,75.76538928899652,0.0,0.0,2.741591535520592,0.0
2026-08-24 00:00:00+00:00,0.015801702909458596,0.016750256989291622,9360.007113007943,8670.40667248774,145.60327198364018,0.0,0.0,2.764321152307291,0.0
2026-08-25 00:00:00+00:00,-0.005672923474428074,-0.006370534525654588,9306.908508935747,8615.17154742919,-53.09860407219651,0.0,0.0,2.1365209863525485,0.0
2026-08-26 00:00:00+00:00,0.006205887185836477,0.006480657650341034,9364.666133191104,8671.003524827038,57.75762425535682,0.0,0.0,1.9256468575094368,0.0
2026-08-27 00:00:00+00:00,0.015427890719845821,0.016573555087383778,9509.143178921817,8814.712879408658,144.47704573071348,0.0,0.0,0.7676911490936478,0.0
2026-08-28 00:00:00+00:00,-0.029909489851892557,-0.0325138658179528,9224.729557511662,8528.112487623785,-284.41362141015543,0.0,0.0,2.186770374718039,0.0
2026-08-29 00:00:00+00:00,0.004904071175859091,0.005075723323353727,9269.96828783975,8571.3988270814,45.23873032808832,0.0,0.0,1.9523908704721094,0.0
2026-08-30 00:00:00+00:00,-0.007087455000031934,-0.007805366800455078,9204.267804747964,8504.49591524304,-65.7004830917873,0.0,0.0,1.2024287465734647,0.0
2026-08-31 00:00:00+00:00,0.011715565241247021,0.011890697675466192,9312.101004712398,8605.620305053433,107.83319996443427,4.656050502356198,0.007940173932071738,2.0448194777538644,0.0
