net_sharpe,gross_sharpe,mean_daily_gross_return,daily_gross_vol,mean_daily_turnover,total_costs_fraction
4.784498875042132,6.574076688415203,0.0029354213181377194,0.008530649731821358,1.1590930640439068,0.38374551724379674
4.617933748672326,6.148350309100948,0.0029988973364593317,0.009318573322254513,1.153448918780898,0.38167461118767787
2.454021915513286,4.149753776573594,0.0019340890981090339,0.008904316334416006,1.194500042947172,0.3957641850002195
4.2860439147773395,5.834285560754865,0.002650117766012345,0.008678085483099727,1.172841757013103,0.3880161351596264
3.512691725609072,5.109653498889542,0.0023918824692199035,0.008943238601411337,1.1610580452887815,0.3846017311530456
3.618887886725927,5.371095285777477,0.0022731011860535216,0.0080854155199162,1.2025977918612352,0.398257257307032
4.772042314665215,6.466187632039307,0.0027824725741508478,0.008221082794544223,1.1671906832016707,0.38634602593511314
5.216000492926174,6.881956226868692,0.0030707946772703287,0.008524821722162026,1.173584181391682,0.38882437870069564
3.839840761384451,5.665116864609039,0.002383959642368528,0.008039637328785548,1.1624885935155587,0.3851625444138943
4.74140008687067,6.41728147760988,0.0028380830583631133,0.008449294438202902,1.1645567729389277,0.38534386045186314
3.6785980413130925,5.481733736002503,0.002376463524715049,0.008282465744691492,1.1591476970993857,0.38395117699030323
4.2561453144897055,6.042954396374416,0.0027683124198492064,0.008752098899125272,1.1663194770659102,0.3865457604569671
3.701575496423779,5.461322794887743,0.002501416286546252,0.00875053404599442,1.1633382188651515,0.38474486843978417
4.586721536848526,6.358410526927178,0.0028562435795517,0.00858209087573126,1.1840781873719732,0.3921440799205388
4.664764055060193,6.365705118795409,0.002935480493182086,0.008810065032866295,1.1834884503713992,0.39214864934433924
4.323678613661973,6.164659626498073,0.0026950579082080286,0.008352287418892405,1.1813264827476835,0.39064754945460745
4.084479411633368,5.851854626242112,0.002699970672139113,0.00881478959370442,1.202660157443995,0.398244899928505
3.386298742122947,5.328290607447576,0.0023531194421595627,0.008437280758695157,1.1835285140657161,0.3917144358473301
3.8093258169675455,5.532063813505411,0.0024306375107730396,0.008394202598854561,1.186320123169312,0.3927727974813022
4.594303960334428,6.439494588227908,0.002702601131935962,0.00801819481633178,1.186099348203519,0.3926528101604064
4.336585872161996,6.185613065226276,0.0025912934567084607,0.008003506112610751,1.1724140375722367,0.3884979260054457
3.7833890943297743,5.550866673080756,0.0025949125355528365,0.008931170086005151,1.194397677899418,0.39523118706035504
4.28421243505746,5.93128198104068,0.0026589776270255997,0.00856470766326986,1.155061304127372,0.382541335968299
3.4395147602500864,5.149570333050974,0.002338160803710247,0.008674607111577345,1.173680443403162,0.3888379335951456
3.9543873442933752,5.754522367383347,0.0025233792617245536,0.008377601132927124,1.1649948721974985,0.38595252203567265
5.039729376557768,6.827799794606353,0.003079171986572143,0.008615879195774818,1.1744492710733865,0.38901313919872393
4.566314035999638,6.3174614095929575,0.0029661153247193257,0.00896998810713973,1.1842046512013047,0.3918190907673571
4.754905101452255,6.6127124960907215,0.002603319514826377,0.007521323439500001,1.161675184414999,0.3846053801482182
3.461878714233737,5.163672140207813,0.002283731515322989,0.008449535166721053,1.163102851322073,0.3853614995990736
3.105119990933249,4.7862431114088935,0.0022484364578290823,0.008974955348401408,1.1810239716476765,0.39101838128166283
4.641611505955565,6.442600706056592,0.002722857933678347,0.008074398857609244,1.1807371393481985,0.39060948701146914
4.381775566637266,6.1262126488891635,0.002686123162693017,0.00837684127338829,1.1916476745659756,0.394386622767391
3.2810401628741452,4.8140816270575755,0.0022772628199977784,0.00903745479572046,1.1698350725140978,0.3872703066812022
3.6139068505695104,5.287733510267194,0.0024401831311437272,0.008816562553871409,1.1692806421924942,0.3865924795423507
4.825926657345169,6.549674813756033,0.0027998825407351035,0.008167074298142,1.1719284404460981,0.3873430941126543
4.0047137756307585,5.715287114179209,0.002550144271078598,0.008524582740436394,1.1899919207102605,0.3942539956280987
4.7427317018003246,6.38287413411975,0.002916425644562377,0.008729332982937928,1.2082613181532924,0.4001275799529722
4.6345353472241335,6.43228032695081,0.00274415475185556,0.008150609155096848,1.1671789838008448,0.3864389203187156
4.088199760590708,5.980583908105186,0.002502051518839854,0.00799280269004776,1.1864845501647832,0.39260229423661686
3.727611868485256,5.4557715865640235,0.0025823100014802556,0.009042710554109617,1.1707476555710026,0.3871347882215486
3.9589903493353105,5.823464122284191,0.0024661370641201087,0.008090628097882033,1.1986128732787085,0.39732233701600694
5.649731806777779,7.661434884299568,0.0031475424115768175,0.007848883955424815,1.18274868784854,0.3915700060030082
3.7855766135478315,5.552821791599549,0.0026594867676272083,0.009150198810708304,1.1938599121370457,0.39502156970046637
3.978425334930948,5.715050309831568,0.0025887150598572816,0.008653875135626918,1.1909261644072198,0.3944883815581901
4.7088683733831544,6.293645444819708,0.0029158636928770703,0.008851387978789385,1.1692418960993247,0.38729907730044927
3.0382627311530945,4.637601454527627,0.0023351395539481534,0.009619795701383193,1.1829277728321985,0.39144183855926123
4.833808314824255,6.6160537781126205,0.002963942888369836,0.008558885896682732,1.187409842207654,0.3931922900264219
4.6949772181793055,6.525126691744767,0.002806087289258938,0.008215966512120332,1.1892299451812538,0.3940335252547435
4.406833714515358,6.1104252528145935,0.0027691704091439766,0.00865814148664436,1.1589282148282247,0.38356875104538046
4.5258151398815745,6.319568954010124,0.0027507295684863547,0.008315854293037802,1.2061017979936126,0.39907890348918273
5.319678506136745,7.235122599092952,0.002987573154703987,0.00788894786451297,1.186983868795151,0.3931108847666367
4.52903008047772,6.460634174613329,0.0027327749052147585,0.008081186745001927,1.165992943909392,0.3863683446999347
3.0312054340976666,4.742370495866027,0.0021949431069202005,0.008842482723336915,1.1902374352714555,0.39408740530114883
5.514663656281894,7.362387719619021,0.00321051451761314,0.008331100734077236,1.1850709797674035,0.392535982193871
3.699063287155347,5.353044981483152,0.002504113073731689,0.008937158806838694,1.155747742103624,0.38325506222492034
4.702083438079701,6.233269353901354,0.0027740951074645653,0.008502602663651824,1.182352747828642,0.39106234707500453
4.3163864581955576,6.03690556659782,0.0025796521251604766,0.008163815734261684,1.1773748152785664,0.3902007165714695
5.582000133006269,7.261270850182154,0.003100836362558339,0.008158543696774212,1.160969670495942,0.3843549906048885
5.404419220852391,7.1481810129440975,0.0031210548966673075,0.008341656425477914,1.1719921504637811,0.38802680535074907
3.242077857898407,4.991063962273814,0.0022258016153714156,0.008520003044431436,1.2010400147044535,0.39752820217268336
4.001388055075695,5.626946552978608,0.0025731293580167646,0.008736455357571567,1.158499287651022,0.38358068271480183
3.8301848864362733,5.4811519992132745,0.002415751345559728,0.008420285491062595,1.1946791641315466,0.39553477424065653
4.209854516000032,5.837411519981495,0.0027027886816425417,0.008845822344798873,1.1852590900514943,0.3925086920450789
3.9043454065316667,5.592263931984162,0.0026831463267857343,0.009166491285118351,1.1777831779475951,0.38979293583700453
3.8965999600394725,5.6427786563982725,0.00242117712595261,0.00819747270960054,1.1803732072280895,0.3909026500029563
4.283491938711373,6.111958473019629,0.0027638995716116896,0.008639493773700919,1.2044145612419637,0.3983508359026693
4.12206618958846,5.727904108730594,0.002683087245999792,0.008949226259156798,1.166267651057422,0.38618310772863973
3.845042700247146,5.622359608199079,0.0024966313424981683,0.008483639992645125,1.1803637949187504,0.391122102237438
3.4411394447676256,5.182592350939206,0.002241757799783499,0.008263957442248816,1.1753694233673022,0.38927340677974287
3.953460616004549,5.6092631498477825,0.002637372928537851,0.008982808918912703,1.1671066003728074,0.38628151256667276
4.179887625980042,5.698566969702741,0.0027049617501504557,0.009068634614551969,1.1778630910521095,0.38983524929932273
3.5161418210586595,5.20099026301675,0.00254680450566143,0.00935526299817448,1.1585034102296414,0.3831039884763868
4.1889787038164386,5.855167614237957,0.0028149147538151956,0.009184855909076023,1.2008413770156912,0.3976384014597528
3.745694352893711,5.394363971110813,0.0024938698009203896,0.008832425083392225,1.175097448934285,0.3889337372359766
3.7049937954117973,5.302540534998139,0.0025452726628595558,0.009170578824409872,1.1934200824172676,0.3954837489585404
4.578404642347341,6.423388637801985,0.0027640320240820567,0.008221012405024717,1.1790407859165288,0.39060887155167
4.135681826200873,5.79827822784521,0.0027150266238356985,0.008945847159843336,1.1531257524657768,0.38227884962413883
4.2661790308715855,5.98826093086129,0.002654868497242925,0.008470103759234423,1.191363037927353,0.39435416491370834
4.038923625934435,5.639516808677298,0.002682384899087094,0.009087106800002102,1.1879051673678815,0.39332432048945465
3.181805120170302,4.924756538336632,0.002113581993265157,0.008199375333418229,1.1753457961830864,0.3886900373786294
3.0415695137599097,4.7086842227329715,0.002241830877585712,0.009095984515452961,1.1897586421303952,0.3939953381915625
4.804260548421061,6.574775721800112,0.0028275879966978986,0.008216400849454698,1.1792028546705444,0.390728030971662
4.493641802925085,6.261750943530626,0.002619044502506017,0.007990859971044857,1.1768863236923368,0.38946368248217916
4.342960586092457,6.167409295948639,0.002739464102820029,0.008486122079068103,1.1691157231928917,0.3872325063307852
4.644727375015568,6.51136871508561,0.0027472868438889017,0.00806080007935501,1.1704479365982867,0.3876123588922993
5.34096771608184,7.021534623431335,0.0033393921540043454,0.009086189977420342,1.1850481661256635,0.39289260069395343
4.623495536192564,6.262907911248335,0.0030538470295249157,0.009315746998841239,1.1744046209590584,0.38921339344366757
3.5009287029635083,5.171613665001759,0.0024157763932915063,0.00892436020537746,1.171611026586763,0.3884706850704807
3.5270517767372325,5.0866795630803585,0.0025411563485353084,0.009544285868419511,1.1609506796888762,0.3845491519643927
4.6375658051896,6.407885535292133,0.0029318733162830815,0.008741317358159159,1.180476535536159,0.3903990731587762
4.177466952733399,5.872274618470997,0.002557795127094134,0.008321580727066447,1.1760634662405296,0.3890634377572405
4.0368313691060305,5.849320355120847,0.0026819078491807286,0.008759612126618601,1.1966517529146603,0.39570006097044685
4.546801700951042,6.321838684937129,0.0027749078565669064,0.008385936877487097,1.1981458035440768,0.39686458615337206
4.658051447786367,6.545744997196427,0.002835147301409608,0.008274904256506671,1.1964830602125098,0.3955175578532967
4.171568128338364,5.819980569957182,0.0026730799213687964,0.008774792214046095,1.143027629565153,0.37851391346274615
3.254594253898748,5.0794609393041315,0.0023262928027552757,0.00874970043550727,1.1962660997146768,0.39645118026698956
4.279760952216447,5.948002287050298,0.0026271234551538815,0.00843831604540583,1.1532563869125931,0.3818149787963829
4.462591498408598,6.3110638488181365,0.0025852544562475206,0.007826131729791568,1.1707826338579477,0.38767967706525935
2.7824529110477485,4.528635817916554,0.0022074708419021214,0.009312665648952067,1.1821562436731365,0.39134687861365713
3.4017899376954235,5.127919123370935,0.0023070856634507873,0.008595457270516551,1.1830639104634908,0.39176497194746074
3.6001013032063613,5.360474461112814,0.0024493240579293546,0.008729501606988035,1.1766313885071715,0.38960197148506354
4.371538334101014,6.1820560969843745,0.00273061020693235,0.008438654378924696,1.1823262293775003,0.391659964865914
3.804141564627642,5.479859211709568,0.0024107330838292838,0.0084047763123412,1.1737992064883438,0.38850700472809235
4.619977449173276,6.475356231873215,0.002719105604198288,0.008022483669895246,1.1905118726256239,0.3943085231823494
4.122706572852834,5.761221356316547,0.002660032777602753,0.008821021050299825,1.1610375942292348,0.3847932261271702
4.239567041491107,5.982180226701513,0.0027349627356465104,0.00873450610275435,1.1646981256427846,0.3858075023842762
4.372845105821387,6.212181401079771,0.0026566375622386834,0.008170236199514527,1.1807303073252475,0.39102057794956235
3.9435593793372785,5.687506093839799,0.0026461958096036416,0.008888869589400944,1.1958537417338773,0.39560405562223544
3.4449934887951685,5.256070939008628,0.0024053260972750983,0.008742973810230958,1.173141235098795,0.3880405425051566
4.814843261737014,6.565529915045745,0.0027337184851538273,0.007954821469311934,1.18012974263485,0.39089571669774514
4.677235933012691,6.483435275765496,0.0028983212611990673,0.008540588066544313,1.1801309685384191,0.39093367701174164
3.3044582559019244,5.083517135958509,0.002158844786879893,0.008113412552422752,1.176889840630714,0.39005874849554656
5.35097984188508,7.208384926943394,0.0029268256886864144,0.007757205925548072,1.1726147779453178,0.38797236496539267
4.019552581031437,5.580659956100587,0.0026019544976032356,0.008907597178313872,1.169424431567383,0.3874202127045494
4.192446027492664,5.872940574860612,0.002538225121983184,0.008256974891592578,1.1418876993503972,0.3781506894792246
3.376205449712285,4.9448297863331865,0.0023083159572796037,0.008918469663826038,1.1721120796289208,0.3879451551755406
3.8529426783102845,5.64746926680673,0.0024471318112814595,0.008278466938083578,1.1997142000991894,0.3973843493111472
3.8384421182933637,5.474986705479649,0.00248360894959653,0.008666556634851082,1.2055194788338244,0.39938549746673646
5.671935830973257,7.298405310035217,0.0032838901088152505,0.00859621105870853,1.1654635987602673,0.3862564005341818
4.234482541489387,6.046243327382137,0.0025676889879532876,0.00811340638793912,1.1769567593636405,0.3894777278305397
4.05568625614809,5.855440305532376,0.0024977712553253886,0.008149660886141842,1.180178610348402,0.39084892590051534
4.0886887350947765,5.92116230741592,0.00271947968680865,0.008774558738260203,1.1966239876508606,0.3964607252924809
2.936056046422324,4.528733724700338,0.0021883213096568345,0.009231679860144698,1.1799046433681912,0.3903318153827526
4.535892141872662,6.22836471920218,0.002908653514830658,0.008922044530172847,1.1809513434764587,0.39115063272297457
4.623983481789643,6.330944858713375,0.0027641189491326786,0.008341317062925329,1.151295223689717,0.3812895926627719
3.9694547574962415,5.65833095016629,0.0027464868482878725,0.009273327775080449,1.1772340385998936,0.38944199528241097
4.606675806100133,6.297402681920029,0.0027356726291629645,0.00829944579287317,1.1871511405636423,0.39322619927705255
3.407951896504977,5.157487400401254,0.0023291136529557457,0.008627777521418469,1.1737953200859206,0.3884489777186414
5.252411394399411,6.879827410430438,0.003172790973264781,0.008810698701649947,1.1684887293934352,0.3871545275309277
5.000153775422749,6.749001967490204,0.0028433084385129327,0.00804879472645073,1.1955817382173275,0.39635833252592817
4.242733936841928,6.050166442058391,0.0026701718621079213,0.008431761718547858,1.1793595160179418,0.39103838418509174
3.403525302559903,5.05866144354054,0.002395127360114006,0.00904564270119748,1.1968913749359469,0.39603357565396125
3.0808332160189416,4.71757930572831,0.0021988255569567717,0.00890467346890163,1.1830710588535234,0.3914638386370757
4.461972117991085,6.111348172217219,0.0027423209150663464,0.008572898490141532,1.181642799682202,0.3907315955567431
3.9890586579307277,5.680724552621921,0.002574214891572211,0.008657400300512137,1.1634343936419056,0.38557706361262245
4.703588982544943,6.4273712273605765,0.0028291936221413196,0.008409607340946137,1.1783501214398935,0.39041919974505884
2.974733961972401,4.648388910765803,0.002080165155715482,0.008549521191421928,1.1691097215152388,0.3875263118766767
3.0724074830259283,4.864829921594879,0.0021339323622855746,0.008380297193285863,1.1467155765469503,0.38000781412167606
4.5300675509946275,6.214960789804893,0.0027565729190072393,0.008473786633971305,1.1645638702033778,0.3856263326914479
5.049583069873248,6.790972871188489,0.0029820509286591695,0.008389372786168,1.1768034000983105,0.38960149653632675
3.095493646629341,4.72604423003244,0.0022024271070906773,0.008903283327833873,1.1604381354411546,0.383999556102831
4.081651236223675,5.690139507259041,0.0026276908704601838,0.008822624388574134,1.1608818289111367,0.38440048913123004
3.4816579367441642,5.131469331231009,0.002363982040140188,0.008801341398866886,1.1919053671583986,0.39449699888940293
4.606248061338782,6.288226625987798,0.002934311649230917,0.008915064401881162,1.180947303332111,0.39102408821960827
3.441110506828701,5.177931207561502,0.0023391446216578563,0.00863072402022031,1.18486989881521,0.39248023976990687
3.938208595938026,5.725692507806101,0.0024968377401392884,0.008331222464621145,1.1804670510444943,0.39068795473392637
5.015614722447483,6.767968891141386,0.0029368009555613387,0.008290153867050173,1.1678640715971866,0.38706112234963674
5.173554466290043,6.946180632636986,0.0031198205525888203,0.008580843361104639,1.1654984555356682,0.3858258792593216
5.34078496126597,7.041073691425596,0.003181751990791884,0.008633241050459674,1.1887571655456577,0.3936487693673911
4.24175215792921,5.910550513639781,0.0028098066774049613,0.009082281096082792,1.1667864583178236,0.38583098423243045
4.693273063811237,6.497026598958253,0.0027955090528502136,0.008220395076181226,1.1554746855240965,0.38292190275870674
3.810606789745851,5.511096701488386,0.002612480964042034,0.009056523853690894,1.1911479537632412,0.3945269554284978
3.4605222472199446,5.186898792433462,0.002344632781053417,0.008636017045777713,1.2038136569143612,0.3988920630486067
3.9521963271952396,5.5790676233268774,0.0027022028541126967,0.009253430237006347,1.1626395304924235,0.38468631723695507
4.975676232831274,6.600602367558751,0.002993735286891219,0.008665153445516932,1.164788980072747,0.38592547237367275
2.2129877162075244,3.949318147384076,0.0018408853036674467,0.008905351007811908,1.1879692063462428,0.3934130655909376
5.626681939618862,7.384589107305402,0.0031468845802229716,0.008141434088602953,1.1551747043128289,0.3821622937151037
4.274735063818182,5.9733521383683605,0.002741482370608859,0.008768267119653003,1.1986537623705318,0.39728720962954944
3.5354770766442924,5.1830442132612085,0.0024353829798927033,0.00897694956596029,1.1701407999705917,0.3875838956933689
3.7260979098898406,5.519932656992401,0.0024485929963740083,0.008474796056042393,1.202119804701371,0.39786439416265124
4.237588563585149,6.033394747367553,0.0025539288316879308,0.008087112456942791,1.1512898801772464,0.38079620103480344
4.291728336056322,6.054582589421199,0.0027346509217613386,0.008629072562867398,1.1968956955613859,0.39636643560732177
4.567417717587012,6.350465651691491,0.002743739115103822,0.008254365123294563,1.1705065810416047,0.38787277318862984
5.7254587893736835,7.49838847970378,0.0032133474416064945,0.008187214738013017,1.171078434003564,0.38781136224345253
4.25109452866096,6.162238152926289,0.0026461400802538127,0.008203908059821513,1.1780768879968992,0.38982630127372875
4.885572460455195,6.460370569430103,0.0029010215433501593,0.00857906495747112,1.1597480619500204,0.38396497701180804
3.5250518800144857,5.260207241692046,0.0023975278679455175,0.008707775853254015,1.2192654375620369,0.403420983829264
4.019670979967407,5.861116890034455,0.0025255913449878883,0.00823245053820577,1.1746924853404601,0.3884641850750489
4.757760377294325,6.426472162796437,0.002912524692862017,0.008658515079151817,1.1806825313044014,0.39108883817001383
3.1942832517580344,5.032048017051991,0.0020983254273994273,0.00796662727900852,1.155561271443341,0.38243720033105294
5.012100695780891,6.789723085271946,0.0029872665456124443,0.00840559276164486,1.1685062195747484,0.3863064412858076
4.098256180293858,5.902071901665949,0.0025065112239628234,0.008113562574861786,1.1746954191870442,0.38929852468965626
4.824912124264454,6.495630611801589,0.0030934477608034654,0.009098460183315137,1.1917359969995955,0.39446593083784665
4.207936723938956,5.903006111458828,0.002723169612263915,0.008813489501737081,1.1906094691309477,0.39443949909872683
4.483088988951339,6.196145988118771,0.0027531210910565237,0.00848887432474334,1.1561536571342284,0.3824833358284911
4.274201799142424,5.944387098224311,0.0026175749205524204,0.008412759433928593,1.1754643332198238,0.38902009482625566
4.868773415534735,6.602958743367529,0.002935147832656606,0.008492544446464767,1.169497744504835,0.3872737687494865
4.299835263226157,5.967859764322038,0.0026118759447521984,0.008361426345512176,1.1697080472492851,0.38750512917312085
4.15793105626757,5.7476361057103444,0.0027161758896300137,0.00902848867853091,1.1874828030252544,0.3926982776802982
4.513561955238236,6.2829895047888025,0.0027875578718121303,0.00847625454775394,1.1876576304204514,0.3932714597128911
3.4292879976859814,5.181963621953861,0.0022029419246956208,0.008121852920402507,1.1834772312849977,0.39140098676251844
5.491530428075388,7.097678560730276,0.0033450206773024773,0.009003863694494994,1.158776353741795,0.38379762048787036
3.6173485378983607,5.345082337334573,0.002352719480461899,0.008409345212044637,1.1835256638998346,0.3915117129143202
3.374819247424218,5.203606016594221,0.0022062717512155885,0.008100298617594653,1.1910810203297446,0.39382254396497623
5.176685510945706,7.02694095437142,0.002998465349952262,0.00815228140489739,1.1731165870748195,0.38839635153622293
4.441540326559773,6.17981237407447,0.0026901906578819345,0.008316760646141367,1.1829712838250437,0.3917474237161965
4.90292270721827,6.62156203984974,0.002907195497238667,0.008388034674240812,1.1634703678434017,0.3853760406594165
4.854568265656449,6.611023084368552,0.0028116857751249963,0.00812539611849463,1.1758324589039162,0.3887119414365862
4.088169412651212,5.765781533883841,0.0026217037475724557,0.008687040859009275,1.188851004381627,0.3943541408654856
3.1671997753453716,4.9273740477700185,0.002320401417456259,0.008996923392640728,1.1749547191946295,0.3896350188426223
3.8262810548711674,5.714124364855014,0.0024724848785494286,0.008266665942673806,1.1885703679253012,0.3932832358878975
3.9059420141580206,5.705759384306638,0.002485343539094895,0.008321840870915254,1.1728102773971312,0.38851489766776626
5.290068463256191,7.046495148538114,0.0029885915614408865,0.008102888089384211,1.1701199761871466,0.3875276515510237
4.300289915692984,6.105798461292433,0.0027694247810578975,0.008665498294194536,1.1796561501324954,0.3903125328847429
2.2012164744851326,3.834052196801997,0.001836176562856808,0.009149615648520387,1.166429008698887,0.38637529340193816
5.04187184198058,6.81789283769486,0.002970621430573501,0.008324220414414314,1.168171513802045,0.38691542534432327
4.131094392630714,5.818211299581714,0.0025853334605270674,0.008489331835399051,1.1956588159908466,0.39544673597794644
4.956271717739909,6.697428089481394,0.0029020189438816995,0.008278251492084037,1.1780468606773544,0.39033212108129395
4.684093956772379,6.541389161808042,0.0029418660381057824,0.00859210029411774,1.2040062914022345,0.3984632005794183
4.3322483956950695,6.060937412838462,0.00283049659855781,0.00892214486022162,1.1761579509385416,0.38964091172417836
4.549843456931093,6.234219868710096,0.0028111912693455053,0.00861498871076347,1.1767624809028168,0.3893604071144019
3.6398516093301585,5.226627952706769,0.0024947789109746638,0.009119203548035684,1.170283784845321,0.3873617692984369
4.239250912629575,5.8465603980042555,0.0027355383211425856,0.008938997065899276,1.167553211182843,0.3869368144649027
3.8900041172794158,5.604359130575588,0.0025187330476551676,0.008586231929134826,1.1772530698554562,0.3898012476464847
4.066533726035914,5.773170330868771,0.002553419203650479,0.008449950823079868,1.1642055125117952,0.3853199275026382
3.5345801508398873,5.300415712998649,0.0023805736446471234,0.008580609160423126,1.1564568232859878,0.3831291118449782
6.0863374979107085,7.956295791946427,0.0033138725611767963,0.007957402293818897,1.1888236867118405,0.393307414293452
3.556486852444822,5.216265956326034,0.0023733450353317486,0.008692557782441665,1.1873155437908172,0.39238391318508264
4.804642261228841,6.701624689142679,0.0027811035970872976,0.007928362461726346,1.181947590925611,0.3913145984902498
3.9550408299860185,5.843677212321084,0.0023826867045837205,0.007789815200338718,1.1803657129947793,0.3908838685131726
5.326865052674774,7.137196447436437,0.002957636766515715,0.007917054196346257,1.1687950569797771,0.38710509615798905
4.441755908792656,6.033078479684028,0.002979314341909212,0.009434606357662896,1.1865906828734758,0.39272485024852594
3.8583706101082833,5.480908520483292,0.0026926897365907457,0.00938599230267699,1.1669109031462017,0.38622223105704445
5.675514398798702,7.569714762156266,0.003117479587168745,0.007868112043376108,1.166947680139959,0.386927566139084
4.269612614442459,6.08429310144055,0.0025946656048263413,0.00814737487998062,1.182344850746554,0.39125327285452816
4.9972897099618265,6.763709633502124,0.0030086700475689594,0.008498377911603665,1.1789336328060807,0.3901145612805963
2.5633193110593635,4.290994539363529,0.0020475754673832777,0.00911650528061773,1.161517679548657,0.384567915910951
4.60182445944107,6.259790414577171,0.002871335979374915,0.008763359989387558,1.1744038295619823,0.3888899426691014
3.7293895667472206,5.4218317182643005,0.002526165869872617,0.00890148084378617,1.190800554222103,0.3939134286968346
4.799641924653393,6.569215973249527,0.002798170269623182,0.00813780033365383,1.1689716332466134,0.3869150716699251
3.165553057642731,4.999549690168433,0.0022215764983636722,0.00848939645302391,1.1933711271617673,0.39488954251557556
2.8590333276514937,4.526601900016656,0.0021609227485605304,0.009120389213674017,1.1842435487772207,0.3914990068917932
4.557920317200237,6.15210791321193,0.003050472463107091,0.009473044913953031,1.1736051893336434,0.3890161266232959
4.052133859757601,5.824534002128047,0.002617330911303235,0.008585070811000593,1.1933139695112494,0.3950319981600881
3.634104198585309,5.490822323737948,0.0024389709216345048,0.008486246919677413,1.1814997363516608,0.3913325598640577
4.568108619306068,6.237714758787675,0.002771399125544273,0.008488285854187611,1.158996010548335,0.38388792184139775
3.2301848558601516,4.939436024833724,0.0022373865398685362,0.00865386445139968,1.154371236442906,0.38207393768178133
5.435805450606965,7.170889000915683,0.0031303676790368183,0.008340052471432394,1.1796940746685765,0.39047627780350336
3.549267778867747,5.25220709539646,0.00235651745448566,0.008571863587167257,1.16618265176269,0.38631156547035883
4.075911760462246,5.788249120610633,0.0026078325295458642,0.008607537354131327,1.1728296028860679,0.3879680929032653
4.370889927682302,6.062730216604256,0.0027394027041849405,0.008632449953716873,1.1579108699410565,0.3832733316162339
4.650128256214573,6.2296963375180505,0.0029908380563207757,0.009172177541188955,1.1495991685913902,0.3812381732218805
3.5674002600266723,5.270090145318075,0.002464820986204622,0.008935395320196616,1.1986982612778168,0.396895610739797
3.0074834936715966,4.6986838379374225,0.002193601380454684,0.008919241424769584,1.1754915712623308,0.3890256716887473
3.5526955454834006,5.155592867698352,0.0025660598019841105,0.00950899439487071,1.1747592989520736,0.38848925833439096
4.493676155416601,6.275722217677823,0.002779606758119636,0.00846186473965756,1.1752526230137985,0.3883883073738429
3.7929787585561114,5.500350004138919,0.002435218659719895,0.008458513936946842,1.18317274808344,0.3913343180992398
3.538010985406713,5.245378617630668,0.002334761461704432,0.00850378177561714,1.1964309727913087,0.3959082203482949
4.647409566677763,6.458334513366102,0.0029536757344964955,0.008737530636895134,1.1588498967422975,0.38377304282894764
4.573222723896683,6.266274461238692,0.00285889751855673,0.008716368990642074,1.1745308975575375,0.3885708143065143
4.17885101026363,5.895891785160932,0.0027018096488293916,0.008754909815936773,1.174457812734162,0.389166743371122
3.4681495182346906,5.112074885132949,0.002286704016251143,0.008545927019897558,1.1512673756211733,0.3809469186523944
4.371004849188888,6.208711205366832,0.0027942633523635467,0.008598294335766171,1.1971645548428707,0.3959708876390954
3.234151248084713,5.109301911450635,0.002250142250022459,0.0084138514557616,1.1818514368273376,0.3911849658465224
4.343713855886865,6.180084068870121,0.0025936377171895497,0.008017913423052843,1.171771623004636,0.387983989037177
4.342480950135995,6.116306152984133,0.002641494865778574,0.008251007599868115,1.1758309657942339,0.3888452592413273
3.0138727325596824,4.723017836768959,0.0022418409048080962,0.009068420198313686,1.1844003309237399,0.3921141941111282
5.012761738383249,6.796182887222591,0.002916754320847436,0.008199383974979388,1.1833487762488077,0.39159907761463114
4.152266759102038,5.909375279113353,0.002634752847543816,0.0085181394134487,1.1811076889444776,0.39098294515192544
4.465696358291788,6.123725558064323,0.0027673776753496713,0.008633743584697191,1.1706656219925236,0.3876327179552672
3.4475694380570547,5.119967017454669,0.0023445843412143964,0.008748732324182542,1.1637120522735904,0.38524982694453414
6.632899033706509,8.331361200634054,0.003545363859578691,0.008130013787673682,1.1534156444265509,0.3819490877591948
4.02654618307232,5.65497877835067,0.0025248568473817457,0.008530062486433917,1.1678616238504549,0.387085303853982
4.729828872456325,6.4712041681878905,0.0027633781773085315,0.00815833723932408,1.1912586457497227,0.39402781562301753
3.5112028604065952,5.308569171621085,0.002431970058206539,0.008752400358972592,1.1864061777586152,0.3931894779829769
4.054707397546465,5.72464377052151,0.0026636441932582386,0.008889435377756163,1.1690660561597963,0.38755262380003586
4.241166654750905,6.017001266816141,0.0027465401462174518,0.008720718758308457,1.186408838293614,0.3927497075411238
3.6610274985470497,5.296077217091227,0.002297837864644645,0.008289178757026505,1.1826772141396025,0.3914595266303853
3.9088014988738515,5.785080578803288,0.0025906152490163723,0.008555392472728124,1.1655465347230547,0.3855846585424091
4.674382900983921,6.461214416708071,0.0027587512675160382,0.008157269757963397,1.1464685301899686,0.3796037366432533
3.9177159385515994,5.8285894908750375,0.0023315563137762006,0.007642384302302756,1.1815906178611275,0.39156168895892807
4.974424091463653,6.8631334747209065,0.0028898417276427644,0.008044481269182164,1.1827426963207126,0.3919858990102031
4.6840042305547405,6.403698825139475,0.002846287310277824,0.008491692722403294,1.1562878553108398,0.3830980632187958
4.678110832637728,6.441748846625565,0.0028295721417283077,0.008391960188182602,1.2019749918695428,0.3977402046199423
3.796181562593527,5.576492293936144,0.0025966777234954046,0.008896176240440196,1.164789239419168,0.3854814597917233
3.9312192525007865,5.623180927239316,0.0024756083424275865,0.008410974426172954,1.1942708899180798,0.39560435690756446
2.299774618963185,3.9951127888952174,0.0018994197241325218,0.009083188584216232,1.1809077158867454,0.390721023254218
4.411026101842222,6.098169849214127,0.0027677691899956505,0.00867115174481527,1.1608857789946465,0.384459317997086
4.356565304534098,6.106274634665092,0.0026795633042735645,0.008383668948824387,1.185720198153137,0.39276602087009027
4.506511932654856,6.151619635467626,0.002838671073257862,0.008816009103238301,1.1532908113801281,0.38179830584190366
4.200316460949785,5.793049298638648,0.00292658332148758,0.009651617476002463,1.1655086282819147,0.38612445412577295
4.2607373633288095,6.053450641406029,0.0026801002587371415,0.008458521689765587,1.142455728240912,0.37869526444796675
3.9184040008806615,5.7876727339467,0.0024240598800525166,0.008001765322744537,1.1699762551976332,0.38754039739597546
3.1169503398323855,4.796025406717028,0.0021313425180339842,0.0084902055722584,1.150995529911388,0.3808861313735441
4.381995852472161,6.0298415173292685,0.002763743772350483,0.008756656452797183,1.1648294385575164,0.38549360058911
3.5136764218756924,5.363740258583351,0.0023656665232688816,0.008426208818490195,1.1938394316475518,0.3950694497374271
2.950434241158323,4.560453327954562,0.002378555782548553,0.009964413875522623,1.196006664805533,0.3960068044786823
3.639147272498363,5.222045555119657,0.00238336512917505,0.008719595870508775,1.1733504805388753,0.3890634300497734
4.701973608679603,6.336452491878318,0.002849752626430656,0.008592260030643988,1.1885631778285273,0.393890132306595
4.085314615648631,5.857735663678652,0.0027061672984793426,0.008826150002611156,1.1761308229529048,0.3894320877113674
3.358816906358487,5.09289337149441,0.002285955198412235,0.008575304754722833,1.16494638633315,0.38569466335935226
4.067252883871502,5.608715036496819,0.0027722071276981685,0.00944297267097925,1.1537650168758007,0.3824551169174964
4.357046115853898,5.9069029537349325,0.002775870939719118,0.008978129529924637,1.181418619714354,0.39090677877124935
3.1763965015649918,5.015956378876275,0.0022579774265458646,0.0086002737871788,1.2009626376176894,0.3975690425608972
2.7279081459818086,4.389262419746006,0.0020578550336107474,0.008957146202369521,1.1841016922598775,0.39190206001817424
4.527242685661385,6.305511959505349,0.002666317540013304,0.008078634281230231,1.1933900608669687,0.39487623689023543
2.828215040013655,4.591283517534567,0.0020574642893292786,0.008561396808778035,1.1804418152377811,0.3905276942091743
4.436240793769246,6.268529152953927,0.002822000111140616,0.008600779402372596,1.1688963056174755,0.3871893836837099
3.3601477278286236,5.255981975489064,0.0024681600227533,0.008971516882112804,1.1863785658288868,0.39258033554649124
4.150934878690054,5.787707595443824,0.002684980966055099,0.008863006377692974,1.1567558349685634,0.3828792288514824
4.030236654676477,5.757987047295887,0.002482801037688097,0.008237921835033371,1.1825250379191092,0.39122574320751474
3.8152001224432035,5.525930141936302,0.002725986906404093,0.009424640808570946,1.1785688110594836,0.39027288421844397
3.842530928214216,5.510442807843853,0.002657766602402278,0.009214606051407205,1.1740900371009635,0.38889296332668694
4.331895059394534,6.020052595545553,0.0026032703308990126,0.008261623806195606,1.1695364553789391,0.38671755667430835
3.469919628114273,5.173485436839107,0.0023775161259740663,0.008779841436362405,1.1833445744095574,0.39170424882257016
5.1860706717847975,6.991357186348274,0.002961940756951014,0.00809396476218247,1.1743091632041105,0.3895034449245638
3.9825018590402745,5.688744917690171,0.002652365249213299,0.008907653211472305,1.1939858871566307,0.39557780299481293
3.9004060915094816,5.5175507482825665,0.0025681864969208617,0.008892556927757934,1.1887735100724435,0.39389661215589045
4.6548300755937495,6.372670902037053,0.0028518990451205342,0.008549861681405124,1.180874411376042,0.391136098683241
3.3888771820134718,4.938000778524476,0.0023916566731089616,0.009253246127700364,1.1823534481447873,0.39144150954862744
3.700041881476926,5.3822471816247255,0.0025105344802630143,0.008911462495245518,1.1740942855842826,0.3887208571004915
4.739539350491977,6.465785127928227,0.0027140108099236917,0.008019305110379609,1.1749984401095113,0.3893171152914946
4.704249392901831,6.424113357233372,0.002893103711999824,0.008603937342838347,1.1588702617064326,0.38363992353681203
3.7102864585234228,5.254392489587985,0.0024739414780791413,0.008995252194758854,1.1845496690566741,0.39193388947359253
3.9177192009034303,5.720749176043474,0.002486380302136644,0.008303497935717085,1.1514600930475305,0.38095416129661325
4.686656816342691,6.415681337470175,0.00286931898892232,0.008544417876930133,1.157635333795258,0.38345031436638805
3.485796900334556,5.24421053263682,0.0023521947131693644,0.008569186270599,1.1904058652257141,0.3944341215402148
4.455069248536525,6.148236087713016,0.002714491532635942,0.008434986421093001,1.1863764951018738,0.39242834643159685
5.451905848086172,7.233444115575912,0.0030104436056118105,0.007951183891065198,1.1871590664955618,0.39282496701310754
4.994131641547585,6.706323938805295,0.002989866027710749,0.00851752924196898,1.1622498386785298,0.3845118881437529
5.044143406117313,6.76119063040802,0.0030466434431529062,0.008608844867064546,1.1887802926042297,0.39316221251309014
3.7430024482286557,5.516050880951237,0.002420685943861593,0.008384103232472954,1.1830821324576823,0.39110189980628707
4.209679232029041,5.842897301665288,0.0027677183525824612,0.009049822742170591,1.1949003018810298,0.3955861838420529
4.059666633782784,5.7970582377904645,0.0025782151819482325,0.0084968495862643,1.184204898730877,0.3916825206649229
4.369155868850333,6.188224483502546,0.002786665500046067,0.0086033028967738,1.1811258054481204,0.3910224897800148
4.174814238607378,5.9056858134813295,0.002645923062287399,0.008559596755301501,1.1776239069086498,0.38943591937028443
3.538286944586963,5.220823336479596,0.0023662460091580808,0.008658991813313728,1.179430794669083,0.3910557198973298
5.272718314857609,7.05448678642746,0.0031223329792377146,0.00845590751195324,1.1901094398759537,0.3939682527973227
4.338981736034358,6.177093676178507,0.0025884199139887274,0.008005656966465267,1.1715891807950058,0.3876120277938352
4.388645800493341,6.040308417171815,0.002686969283320634,0.008498651481557453,1.2036058009888648,0.3986936721363346
3.4251567113230696,4.976870333738074,0.002390318230420151,0.009175839957336729,1.1588018487356864,0.3839722621222983
3.8020809074787487,5.604857610885903,0.0024254774344272035,0.00826759295904153,1.1928533494009617,0.3948724225332094
2.5640127046301124,4.272299410797473,0.0020360776081694834,0.00910498173116202,1.1718838263312563,0.3883018385060796
4.415199315656747,6.34229171923023,0.002685899133342193,0.008090771153973091,1.1900113766826408,0.3939594200685036
3.6640014284638283,5.3491906752272325,0.002393663662257731,0.008549121321865983,1.16305170039657,0.38476953497816413
4.045845858297081,5.893251441789944,0.002520034762777435,0.008169547323294793,1.1519896666549032,0.38082818824834525
4.045632686470072,5.8651187256692,0.0025243569383879712,0.00822281250331731,1.1856689692625009,0.39192762563905664
4.338496040863636,6.093877963828915,0.0027927739837654217,0.008755651550474234,1.2107143795613233,0.4008216009246214
3.6468006217624422,5.4715674742143925,0.00233604887220257,0.008156739590286979,1.1807767293103248,0.3908041649469318
3.980241100059412,5.760344037323897,0.002454325975067809,0.008140109620438202,1.1955091642335154,0.3961264608668167
4.030969590968843,5.70310034775182,0.0025913247913007314,0.008680750399884526,1.141119750074409,0.3778391170743867
3.671221577885402,5.505300745840435,0.002452880723152933,0.008512199892366821,1.1819542003874768,0.3909917949380023
4.313089888467547,6.214277385253294,0.0025740678220059253,0.007913630763502285,1.1706722683026412,0.3877528489459853
4.234550862240379,6.016145438620435,0.0027130743086645715,0.008615684646657044,1.1692437510367186,0.3868779484746666
3.409427764839059,5.073278758897863,0.0024500754616080386,0.009226503843797461,1.1924140832421157,0.39481234404561905
3.589455125478699,5.253264518962412,0.002451170305481949,0.008914369867237896,1.1712867413543724,0.3880258771177323
4.465542113038369,6.220481827301421,0.0026335209101052766,0.008088335877991924,1.1588544819514437,0.38358216280450314
3.6777789524045352,5.27562914536959,0.0025142627667666933,0.009105060531972685,1.1751603182204895,0.38906554897131074
4.388397648879019,6.122554836633268,0.0026656818122318413,0.008318060168254964,1.1773553099503717,0.3893356660820036
5.01061548230004,6.604945903025474,0.0032860357930707424,0.009504941690506058,1.1865223658331472,0.3923966117406501
4.267516102094841,5.98980213245033,0.0029366631562474177,0.00936673191904313,1.2208135652037762,0.4036106712347237
3.86678269056481,5.667792156676456,0.002707611431511956,0.009126806759345721,1.176053411358061,0.38956590194591745
4.824300070093973,6.558955538926676,0.002938800419520472,0.008560159136169653,1.188927643598382,0.39378689179055776
3.8339293457290977,5.569195163375429,0.0024441770209182863,0.008384683073339432,1.1839197492318065,0.391619720830799
4.677303968254916,6.455641318506135,0.002718019671613683,0.00804376983665433,1.189813157388517,0.39425792020056505
4.10309869641876,5.881446105780561,0.0026627966939688557,0.008649685552254947,1.1816793914220864,0.3911084735416048
3.5896738087120323,5.318285839280937,0.0024744330666190612,0.008888950084403617,1.1970967305276816,0.3959582748130934
4.709762635785118,6.437874602160191,0.0027826792295723986,0.008257851436947771,1.1789504587849684,0.39082280435113476
4.493295336307404,6.245723249791292,0.0026326139651795012,0.008052873489929582,1.1792368125626997,0.39048817081507603
4.75469409374229,6.519948740447892,0.0028192170310021346,0.00826096460181832,1.1897487917643446,0.3936381961261961
4.222527866009727,5.760556428964595,0.0027084713215569686,0.008982686408935167,1.1500027255136218,0.380556118586464
3.309684589561272,5.019458681852758,0.0023060824277862787,0.008777369376587647,1.1816042949735825,0.39079934659453
3.2843295769065324,5.116854044405621,0.002128742998714065,0.007948160634050726,1.1618644317437385,0.3844792928781975
4.119644342374193,5.799296683566634,0.0026918675599535676,0.008867981813737116,1.1729764386121304,0.3881387004150544
4.7910666049088055,6.422074810050391,0.0029940023886310097,0.008906831049335547,1.1748865933030388,0.3888528132351532
4.168905288669323,5.927764518244579,0.002703803270519976,0.008714261302644058,1.1708362481244412,0.3878811181639684
4.012153952219444,5.813575513337473,0.0027048274374538513,0.008888790644547262,1.1970050730145225,0.3962459875865375
5.11472104583734,6.881235882690087,0.0030320024289782603,0.008418011830766233,1.1810802340185793,0.3909562321018367
3.750698443800835,5.482516843567639,0.002397868756792323,0.008355873694823138,1.1881663410108305,0.3932798326127873
5.535483448430392,7.292484185736252,0.0031470957563968322,0.008244814588872324,1.176560845966181,0.3890859169425375
4.747988000355338,6.424878334534853,0.0029982514424095248,0.00891557947017767,1.1940347786384533,0.3956233458236874
3.359560631267033,5.043786776753678,0.0024097528802891283,0.009127718155610169,1.1623455765435817,0.3848402556623527
4.071204236281121,5.792957508771047,0.0025072598183915073,0.008268856020340607,1.1739704025223379,0.3885898509393036
4.069067214577701,5.806210087288273,0.0024930002631299926,0.008203062313487716,1.179377877591383,0.39078679814010686
4.080705608970295,5.840473171430267,0.002583897933392777,0.008452277624474829,1.20256422619966,0.39776340992697223
3.8071702465945405,5.42903855557779,0.002426677953396294,0.008539563078854676,1.1632788683176039,0.3849490585029097
2.8346835731674007,4.5498361288171125,0.00204940852019256,0.00860556153967192,1.1687126475488798,0.38693945453841716
4.292283906896459,6.046674026868905,0.0026413561614789293,0.008345586083395851,1.199337267024698,0.39721345842008365
3.95659021433868,5.817508214207795,0.0024894065976130554,0.008175329456651885,1.1879201685829532,0.3928522432199394
5.154790411030264,6.842357582780761,0.003122138718418508,0.008717518156709035,1.1778986388504509,0.38974568716064606
4.171679504149386,5.980190503144306,0.0026807334580598494,0.008564165435432938,1.1834542762313716,0.3918328082632488
3.795148595351134,5.352233379496412,0.0026074362222460205,0.009307329398447962,1.1822822265744697,0.3910576625658636
2.7093547240802027,4.5136478840493215,0.002073720843563504,0.008777463839786332,1.184739185651932,0.39217314789457147
2.782502102067245,4.585902426068505,0.0020565491229183465,0.00856763013581345,1.1892442868032926,0.39374771526424174
3.422410266918614,5.13212906887255,0.0022905709215922474,0.008526928185970457,1.1759931738322946,0.3891921734598001
3.75315034819293,5.3466566404120845,0.0025498030599244987,0.009111099203944794,1.1790811153598642,0.3901958423979596
3.3022575750399765,5.023024914026969,0.002252635276994032,0.008567852494384165,1.186917146255166,0.3929639552030536
4.0000097574825775,5.766732100724775,0.002709878762325566,0.008977729527956804,1.17639144384393,0.38963821927660347
5.011517289684315,6.745239701402172,0.002962709691009654,0.008391471864066023,1.1766137904381786,0.3894551242291572
4.588600381334425,6.26661024669984,0.0027542835866826024,0.008396966137532803,1.1897776582688167,0.393624150552663
5.667376125327574,7.509696191666673,0.003172345417762031,0.00807057603395223,1.1711220987481545,0.3877176343250917
3.662589599447123,5.239517249544156,0.0025520055463043425,0.00930543696705469,1.1718171937624526,0.38765785819996873
3.619489311145701,5.372915953790964,0.0025154598479076697,0.008944452756981513,1.1836149124248623,0.391656046506772
3.9637225349598757,5.615958614147857,0.0026099488478492534,0.008878805231839282,1.1950175414389175,0.3951837551718499
4.467214535161572,6.358854365519173,0.002622489005521826,0.007879183768181369,1.19986081671045,0.39711523726849596
4.566210603924417,6.198911682397592,0.002978744763073095,0.009180456458819935,1.2063390236840856,0.3993771466111215
4.281374415031004,6.005236215041422,0.002589472699661284,0.008238111656511836,1.1749000121925757,0.38875076403734943
3.6271928274892407,5.339000626669099,0.002425851688285851,0.008680619215254677,1.1879504033639678,0.3929874717037707
5.0811730996988915,6.745609890949307,0.002927962927500215,0.008292601275534953,1.1395140944923632,0.3777326112215913
3.1824773762160445,4.971292506398074,0.0022613408571774633,0.008690467591530936,1.1761510762290464,0.38917993741144324
3.562708936216398,5.2638626915655555,0.0025430626197932363,0.009229941200818506,1.1858195915474612,0.39295603965041465
3.8886225500808225,5.593976577090997,0.002524766699440622,0.008622774764973314,1.1550054899002002,0.38264395344423846
3.6551630056985855,5.492899404510614,0.002458116987405717,0.008549630285548303,1.1784079349080807,0.39052493934506394
3.7694315377266174,5.343721204487771,0.0024621066616754292,0.008802570329580121,1.1754062678322763,0.3888841050063471
4.717239098634531,6.447543829466533,0.002990445592852616,0.008861108096741092,1.1783004845445852,0.3900064458432672
5.149719790269822,6.984886628514937,0.003018677966086211,0.008256649625381553,1.1982174429082133,0.39641082610727507
4.387930258618593,6.101321530288347,0.002786979349262454,0.008726825072460585,1.1862852135138615,0.39298981531582255
4.019958083134656,5.763841605365729,0.0025857182693744788,0.008570686281062384,1.205873561397912,0.3997034920394681
3.6514145454447906,5.435336426659031,0.0024442266440782732,0.008591351261824582,1.1791185118374572,0.3900234666130341
3.806582621814089,5.576281284825645,0.0024489791542267303,0.008390480798347876,1.1881269634266798,0.3932939865331244
