trial,net_sharpe,gross_sharpe,mean_daily_turnover_equity,gross_pnl_usdt,total_costs_usdt
0,-1.7767403381368565,0.8610676258850285,1.7017411099824753,1687.7007536313547,5753.646802202103
1,-1.5371300363029226,1.0767763348755144,1.6942141262684167,2203.4706073730026,5964.523261299909
2,-1.3030440571254034,-0.06786581571861121,1.6956479553295183,-610.856481124591,5526.862878819504
3,-2.8267368531160817,-1.1884960481765035,1.6996689966616598,-2617.013538129165,4805.111619419533
4,-3.302123183677038,-1.0132999957632645,1.697626874872432,-2200.4613680416423,5605.501364936894
5,-2.774851017349224,0.0480864430816438,1.682676390105604,-23.362950795158028,5486.124069741559
6,-1.9732017100598265,0.5899221703824343,1.7038902301819436,1156.6039661053821,5996.502678318449
7,-3.423526388641111,-0.1397406323232343,1.7002259261772383,-343.7924160023741,6042.670925503339
8,-1.6088314157386,0.7499758740898098,1.6954341528645402,1605.0604151241155,6192.151763627785
9,-3.340307677330188,-1.4001512672293666,1.7002962514833513,-3179.9961807395734,5260.044373341271
10,-2.9376379415523606,-0.854113662468474,1.686352244659255,-1722.8829535654784,4905.431555056935
11,-3.125755065649871,-0.5739001208057486,1.6982225232608097,-1229.6115088855113,5588.40001405249
12,-2.1191237488388124,0.43271018005095135,1.6878662473197996,728.1457593984729,5579.692637516123
13,-2.746465504033993,0.2945551085556843,1.7011729715934345,442.1361794674912,5851.392236424304
14,-1.281090191185197,0.5841791757675849,1.6986091760888902,1344.8919144026954,5866.537898432525
15,-1.5040714891937643,1.439661018992873,1.69692472053148,2800.1433634639234,6341.346969775209
16,-1.964368097379209,0.96343751905982,1.688557103488096,1780.4077957431994,6001.715588198177
17,-2.6460350778337802,0.3747069208632789,1.695393478303773,578.9494026598161,6029.823901333693
18,-1.8675233018560382,-0.019378126043298288,1.6993210468946434,-339.4210529848508,5913.0287117288135
19,-2.3656853964377382,-0.4707620648884826,1.6950365864787178,-1512.871058834029,5488.417470925759
20,-2.005445967127075,0.47487662972646755,1.7053116418588217,860.7668100326824,6031.330176641169
21,-3.490739250716074,-1.4428404402118387,1.6914034144110963,-3613.686559192481,5340.429397724095
22,-2.683678754089721,0.13517172321153875,1.6985745712981335,138.06527167974014,5974.014310952339
23,-2.692501522166984,-0.1730173979617594,1.6997304531083757,-444.98934866789364,5339.109127408753
24,-3.2521146584375713,-0.6711577602793477,1.7025169387554886,-1408.265064754725,5076.740556268148
25,-2.8544487722751213,-0.5954271691778223,1.6921083346107568,-1219.9513167174418,5040.042577405449
26,-1.448498797173379,1.2932688560195216,1.691401541662899,2664.0826914335735,6252.197211287335
27,-2.4119007524851512,0.09266948893111096,1.6922994133994487,43.66233088969466,5887.322693064646
28,-2.165177451699131,0.5893541677716183,1.6953994427118382,1148.1988268839934,6309.003880854716
29,-2.675165069424782,0.14734634629667787,1.6982866615638623,162.3052121226807,6145.099267945896
30,-2.9180762954173267,-0.4667413834526923,1.697303120351169,-1051.4182151601365,5238.934158811915
31,-2.8760148465167545,-0.5556231062457005,1.695934005382481,-1146.0157290232953,4939.046301437635
32,-0.3177524087590103,0.9271641033572599,1.6825719732552276,3578.752809868325,6205.732736471404
33,-3.308756624328581,-0.6106079131779109,1.701007318084054,-1348.2382168896156,5588.161871979386
34,-1.0737537178919323,0.9627410309852297,1.6979471716814132,2450.248931979751,6002.830642326096
35,-1.7323693881739093,1.0268651712753036,1.7081896222411295,2085.974819469077,6302.740395219361
36,-2.9438532544531104,-0.5252235422189201,1.6993951839875396,-1160.2232943264532,5539.650453257972
37,-2.82480767778681,-0.18978045993531237,1.699905474177281,-518.916436050354,5655.1089238389495
38,-2.3025014469058545,0.16491164877301664,1.705978999405786,201.05319260988006,5663.9981627138595
39,-1.603077196544548,1.2587756860933905,1.700837208722567,2623.9909009244984,6585.038495611269
40,-3.693330659971805,-0.7518779566936841,1.6980250709866471,-1406.3863664157216,5570.97038679222
41,-2.296349380521297,0.19669183994390044,1.7068370511410205,275.2500459395959,5967.309078086212
42,-0.2476505095791727,0.9391826428614838,1.6975227322787934,3878.958198298081,6305.787560457626
43,-3.955108425557715,-0.9762960534176209,1.704065792638586,-1630.7208043974397,5382.37430084343
44,-1.8901235940999226,0.49578142580380985,1.6971865863535975,923.7715547343865,5511.225056549096
45,-3.1255590036064036,-0.22797735341230282,1.6950808096162473,-495.0110990817219,5587.613255327744
46,-2.6599581158467327,-0.021031700295469913,1.7120436463016924,-168.7876369539865,5902.469245388742
47,-2.7615787882833494,-0.82280260105804,1.6861653297387096,-1602.5783543156347,4731.078768721195
48,-1.963726614975498,0.5872835531080796,1.6900128571884023,1110.801304526464,5930.343028952817
49,-3.9413370675856467,-1.0216413475960489,1.6943020146102623,-1902.170864505014,5331.709376110043
50,-1.8670066490252981,-0.33060069106995266,1.7052323025656553,-1141.0406010782322,5292.432746565726
51,-1.471056463713583,0.5653005981003323,1.6962394658045798,1213.6872948429052,5898.011259427086
52,-0.9285180113230133,1.369268631986499,1.6902357871785687,3486.596966602708,6521.52023381899
53,0.5288829132153454,1.7530459238227623,1.6986271659334384,9478.182800674098,6969.068566549257
54,-3.9860694181912577,-1.3949682463617323,1.7007527826105606,-2439.7730277081237,5191.760612685855
55,-2.282036487680566,0.41959302667971193,1.698869096622126,742.7670124974081,6080.575336411965
56,-2.4114581247800357,0.6521448304311351,1.6902729145560083,1176.254254817139,6294.161570204234
57,-2.856287802505147,-0.7997963563929738,1.6910049884260927,-2112.0247282952105,5328.728529762194
58,-1.8062482752091353,0.9650181634564388,1.6893803465741533,2047.4350538630788,6448.558626595077
59,-2.272094726789716,-0.32696753584563315,1.6947751028344327,-954.7804986623898,5443.733894383588
60,-3.431705362362343,-0.5990734301546391,1.700957399261288,-1181.0766863637368,5407.510093339736
61,-2.4828249688201955,0.4514714806179817,1.7043578921418296,796.0562845015047,6219.944253738769
62,-1.2777454139764934,1.8096737042375588,1.703913347807933,3745.4336837404503,6693.8320401526635
63,-2.021210141794689,0.47412156244550946,1.6944662479982882,886.8774674645231,5755.67249740337
64,-2.1179289826182246,0.6550631268085448,1.6814148618240952,1219.5469785913021,6288.637258700664
65,-2.3847100883889176,0.6227304163803624,1.6998888034257835,1087.7967657684103,6153.948505336676
66,-2.3553666208241872,-0.22906513653874636,1.6969911986592496,-701.0019029920472,5267.937034856573
67,-3.5928247728796503,-1.2073717489591569,1.7015734571549666,-2155.8467651714473,5115.573478958015
68,-1.559676399167536,0.799995540379651,1.687543365877178,1797.4512949286773,6484.137830145582
69,-3.6228227769540275,-0.41812278376894774,1.6922529362955203,-898.7612264773679,6213.639381699022
70,-2.262477900846102,0.33138591329938344,1.6979023149843007,541.0154320219349,5914.906518129408
71,-2.057527934032303,0.13062445036672332,1.697618490706361,128.75682793574657,5681.6829230426365
72,-2.5227822360872736,0.10611938627003868,1.6981345184516738,78.96028271402048,5997.563808416728
73,-2.469244624146377,0.2262436141502929,1.6980309931510418,346.01423641417836,6594.99120580319
74,-1.269228736572748,0.09670292959817475,1.6831877683640033,-22.03283899596692,5035.862885363843
75,-1.39305787775033,0.8256516087867969,1.6947464470245224,1907.287672691899,6145.276435510559
76,-3.1477846652890724,-0.7915772849998557,1.7043276540693941,-1815.4131067999083,5184.874589999318
77,-2.452502250718569,0.46046364449861954,1.709085355029288,800.3974842404396,6286.1735754404
78,-2.356848826265694,0.1681752030526367,1.6947937783061453,204.36356998190536,5596.794202873358
79,-4.873191668173194,-2.169645846234862,1.6882470727240588,-3613.320512710072,4833.738628165507
80,-1.8277567984479317,0.18357893234611444,1.6962531363632742,258.4103294989785,5665.63455183528
81,-2.9148253817719048,-0.3180792207807744,1.6924101499988424,-886.564459188813,6002.368370545097
82,-2.119206646001957,0.34107098502067645,1.7013146876846663,559.1216048909305,5585.803209365266
83,-2.3767560873599596,0.05862996181807072,1.695437604455287,-25.09711520145504,5684.460913416625
84,-0.12272064558350616,1.1229150429110175,1.6987418322157948,4704.364435487265,6334.069977552011
85,-1.5082199480450593,0.4532112318926359,1.693022210309742,950.8896386834172,5626.537541321628
86,-4.058432456647815,-1.7978800353024331,1.7001050781471063,-3097.484641888055,4598.904476202145
87,-2.8779888586958293,-0.1845570028520877,1.6896094473881826,-465.00280129836864,5449.920491540981
88,-1.9028213368555826,0.0821767082481405,1.7013616839307681,7.1265151658793116,5766.18866940427
89,-2.6613353721163655,0.05422528883775952,1.6958315525184227,-21.899253912664165,5949.720901012905
90,-3.724723227803034,-0.8676057168762521,1.7019718250388791,-1699.3203273350434,5568.795398687906
91,-2.970817881330456,-0.5211819865450491,1.703072292286574,-1318.8220257321568,5304.453688397508
92,-2.5821665439212516,0.14418165539963562,1.6980821225675808,157.3779951459826,6269.804683233901
93,-3.47531207679254,-0.24669349057590562,1.697385305880265,-545.1199482639922,5846.059078780602
94,-3.8085175988047277,-1.708100456001714,1.703380931098713,-3003.8425825778036,4434.684031897163
95,-3.1079191334303986,-0.61725698506474,1.6882456177938334,-1203.4935672560778,5186.088107946953
96,-2.753754997593003,0.04277468702005187,1.7068537719876886,-37.76070484640589,5569.158900723018
97,-3.4570656051494866,-1.177570183633071,1.6997793277716273,-2248.502003780746,4983.72001036033
98,-1.8449282674950378,0.5949411577274115,1.697584593259498,1105.6271209313295,5891.11866079774
99,-3.4523027459252167,-0.9847100164529532,1.7010774098739263,-2002.4770637955455,5247.93004262671
100,-2.061466753396403,0.49290098840683516,1.703922554405451,878.8411723114693,5880.781245071417
101,-2.892829160546511,-0.8013684785739472,1.7024256722765618,-1960.6778429702667,5769.563875482764
102,-1.0435703209632896,1.6217328833407911,1.6947242912963005,3703.0549329301657,6699.907903621404
103,-3.172834267460197,-0.35518860878139885,1.6889595466297818,-780.8301994694709,5525.710775762606
104,-1.614410692843832,0.9697285206085229,1.6889913084069175,2117.416211270666,6433.34140325796
105,-2.9884705942733616,-0.3850842385388147,1.6886356230524153,-867.7284605703861,5610.141442549657
106,-2.1851825696761895,1.0067027332886975,1.6913173944008424,1870.2070748073334,6506.961121732654
107,-2.799644542926047,-0.059015763424587635,1.6919622408333104,-249.31540524502026,5916.444332019368
108,-3.4116738416687995,-0.7391206309088088,1.7058751095248592,-1586.0325729835545,5732.659971045411
109,-3.6213420340945617,-1.221239608722389,1.7010345630204473,-2259.0555361450856,5026.220328691938
110,-2.584982614224306,0.3162034871744993,1.6988171745387755,502.02019622819205,6012.8011231281625
111,-1.9929397258322825,-0.12356401724767213,1.686663605135584,-608.0228632246834,5671.858718925584
112,-2.994269780593646,-1.0799228300159032,1.6958836547900171,-2301.023685739889,4961.245953499499
113,-1.9819378490680672,-0.09875524828049795,1.6957593302810936,-460.750542621149,5386.654700325445
114,-1.7534895373734847,0.7770589330010721,1.6937884982228992,1562.3806135839382,6036.457687206205
115,-1.5689913705982603,0.563401629471001,1.6928928335974078,1154.8658095998435,5908.901324118157
116,-1.3157356555689963,-0.31867117000936923,1.7003941078344642,-1662.3406843723562,5191.690144968794
117,-1.9032564623175097,-0.06687319039493513,1.6932562999256435,-363.7403211625127,5269.431097124245
118,-2.4010806281752686,-0.11507238455389064,1.702032939045504,-370.73605953520666,5307.845808406562
119,-3.9900553528106117,-1.438450391809656,1.6847638546790045,-2589.497051854801,4734.544471835201
120,-2.6220464269874673,-0.7253079908818733,1.7035195100826814,-1807.4845631037638,5026.52136629545
121,-1.783574350656844,0.8209049175903008,1.6994364088586171,1732.825952812637,6403.36662589768
122,-3.3656025125675693,-1.0519546910744788,1.6846788655261455,-2147.606270145873,5073.785193087393
123,-2.1144530724266977,-0.5837117621262838,1.692405608938265,-1623.413546422465,5299.883137526438
124,-2.3747827783276048,0.07227880442271674,1.6953441066616592,-19.894618357652362,6461.355100400376
125,-2.5989806887716087,0.46030023360260497,1.6944620429760873,742.7275494942226,5918.669019801492
126,-1.4015506109447657,1.2064147809954184,1.691856445123406,2517.004492093029,6212.074773493293
127,-3.143954202609131,-0.5774272768339118,1.6959039112025385,-1230.3815165007445,5324.5864085754865
128,-3.214578491034181,-0.40117109076058943,1.6921576615924685,-896.2049991618197,5747.903211897236
129,-2.760371505235221,0.11120344361295957,1.6858370954998636,91.92357518604405,6017.586567496625
130,-1.7302425950484353,0.5848071477608957,1.6988389707643372,1128.2879472254176,5628.871514280952
131,-2.0655259361334566,0.3397032417012602,1.6957946185443586,585.5131574685566,5922.266204211005
132,-2.799438742730664,0.2727717097585623,1.6906003387730542,428.9615751064914,6530.005606210443
133,-0.7102570670774093,1.6926379070701223,1.6886319322326748,4294.994044596808,6675.742929639323
134,-3.0824340242574917,-0.30146023169569064,1.699637333202905,-683.3737638553486,5667.039862606663
135,-1.9808939161465282,0.008539692899096247,1.6955769998171741,-196.48779552624902,5645.384058135718
136,-3.292137711003745,-0.3633934594459016,1.699137589781771,-774.9443044788602,5517.061319452922
137,-2.7136868827249927,0.1231139831537679,1.685386525482244,113.83986582471456,5915.846319166263
138,-2.3655095850536925,-0.04252783005713294,1.6969427754419837,-238.85723529751684,5408.659050660631
139,-0.38250265797955435,1.2833300108721388,1.6902682800287139,4251.014014985454,6523.405957405194
140,-1.4314651356193622,0.9165505583394933,1.6946211613862474,2014.9837148599227,6149.421896864406
141,-2.521406792774376,0.07478711572982866,1.7039368324472703,-2.1812753732821193,6200.002751341558
142,-0.9570756845633019,1.978074065677884,1.682868390998316,4335.176576873334,6808.397487830678
143,-3.4676704937771974,-0.5838933491461915,1.6973222710064182,-1130.1893945810561,5589.151795422636
144,-3.496445544017223,-0.7225008853709063,1.7092798828545321,-1307.2808940957216,5180.195134026796
145,-3.0464611751815562,-0.8765422247391176,1.691672068892879,-1751.9734425450322,4787.028877519509
146,-1.778356846508601,0.4447129908556277,1.6978232422136865,922.3536591252685,5965.0844954300355
147,-2.0489375326172468,0.7620143434683283,1.697811726456871,1545.976815497662,6803.939980248538
148,-3.1570069504998806,-0.9177379783060835,1.6937442764489132,-1871.0960604482432,4980.911271666169
149,-2.2471731465256686,0.6155684895935805,1.6873269031434555,1147.0877161909757,6384.638981681351
150,-2.3642215606704267,-0.18834067175036454,1.6932774972337128,-582.5815461516113,5359.5281978962375
151,-1.6086853489215043,1.1875055914274673,1.6977971613742575,2397.6432543203437,6272.729739862018
152,-2.6441057283033946,-0.3398880724603456,1.6957495394285242,-834.582557567406,5236.504333770057
153,-2.1543852261904295,0.16880651242283087,1.69120297999159,213.1735555619505,5628.404432883671
154,-4.138816998397893,-0.9973037010420599,1.6934653504601025,-1791.507226218989,5515.01080140146
155,-2.4238851735883307,0.20856335421895292,1.70066974153951,290.3712662826442,5899.6036919134185
156,-2.71297998335314,0.06661048238973528,1.700122967243487,0.6342194272583015,6210.100759256141
157,-1.4526185288774416,0.9098318504321696,1.697642324350884,2145.6465654912263,6388.456019153795
158,-2.548534062667548,0.26473023094461545,1.6974256204759957,397.8414159889491,6029.827257590502
159,-3.08790676045785,-0.8298378003789109,1.7109386872989798,-1743.7934142475372,5086.806838409214
160,-2.343620802041134,0.11657026230217653,1.6834766776893282,98.30297007652817,5799.625872091966
161,-3.9715348072076258,-1.754803067183781,1.698311813062485,-3204.955517354454,4654.6996799773515
162,-2.9957789046456167,-0.5884991958324673,1.6850732995510693,-1351.164174715636,5239.530199540077
163,-2.3966909722908545,0.4322179379948304,1.6828481814287042,770.9371669201917,6656.883699065025
164,-3.071053306444495,-0.672136082416466,1.7031688618409433,-1425.3643837973968,5219.71656309576
165,-1.28171388500477,1.2357533283857,1.689655259970539,2659.7826359168357,6293.05745495781
166,-3.5698704195874322,-0.7333231364024505,1.6908414053327412,-1398.4204056801739,5415.56210648734
167,-3.398367856765546,-0.5107669190939033,1.6876759284828016,-1002.6808560230461,5659.755355081418
168,-0.08342200509120992,1.3528535686429533,1.6984761029081883,5741.657736149923,7164.501491906964
169,-1.564072430855443,0.8677057701430667,1.6848093423995574,1898.596322384496,6165.058164449808
170,-3.0825034855546116,-0.6652032597715102,1.7025566426667122,-1410.871512345969,5510.505683346076
171,-2.0144585665825425,0.06283574288299001,1.6893527579077579,-63.44247748742967,5789.207679316635
172,-3.4654466604978293,-0.5252197238827673,1.6910137270429053,-1103.3418207258242,5745.113300996721
173,-2.450274099732362,-0.8601401239135122,1.7025031160429114,-2731.7689524721673,5212.747550801168
174,-2.6771365195806935,-0.8209642008699424,1.6916960187080652,-1778.35056890961,4991.904139408168
175,-2.2580298887250203,-0.33384717834897826,1.680479742016975,-1007.8283095823901,5560.197388136949
176,-2.958062562436783,0.6085607185756112,1.6884840326452215,994.4748036163625,6623.4334503920745
177,-1.277215679797007,1.059722755670648,1.6867944346384307,2372.050940576405,6020.729630433524
178,-2.765074523174203,-0.23270705328609972,1.6866273925359059,-649.1815663723677,5409.789026476073
179,-1.5983562868907808,0.5941137300308417,1.69776532290614,1321.1925744186199,6090.850040156522
180,-2.8001411490838337,-0.35932596106627446,1.7003393081965656,-818.9136027721952,5503.219409940924
181,-2.2579909274177226,0.3642384944310807,1.6977874325451257,669.025277813817,6207.582975692311
182,-1.9284736725925258,0.843210058184046,1.6855755575604374,1547.2972705403856,5788.224252669815
183,-2.5971166620934496,-0.1254286618766879,1.7013084259308495,-364.86095064653495,5480.379611623093
184,-2.381206167292529,0.3184644590062909,1.702248943312937,548.5877867968676,6376.093429209286
185,-3.519830907034508,-0.6501452645997938,1.699701469155355,-1276.5508965281558,5587.546486210405
186,-2.937533058141591,-0.6056768623685254,1.6977153931236169,-1313.9071192656509,5218.730570058383
187,-4.18985511176042,-1.510795698905958,1.7031522934609526,-2631.640215207333,4878.187071766518
188,-2.2124412904899105,0.39767407976423913,1.7019734506788633,683.7871578222761,5882.22584227878
189,-2.3272618832676373,-0.24755411347604306,1.7041627487018434,-675.7648329682722,5432.669308835909
190,-3.7606347004934144,-0.8087211184313032,1.7005623209626255,-1497.7534542226779,5489.386865916917
191,-2.4809296529800524,0.0926464504391623,1.7039479146510943,53.771401423749964,5743.721351401759
192,-2.1663421201344546,0.618121909703306,1.7058934970210589,1162.4223137437734,6101.187768944742
193,-0.7291074538225165,1.6111778888749162,1.6931085740862488,4240.047728509407,6811.9434411036555
194,-1.886626954836034,0.44370458692363846,1.6946509299680128,865.0757576003657,5817.180808712212
195,-2.598430589916984,0.0902514014369873,1.7003459643078134,43.64094096908279,5964.509982282817
196,-4.276714295001594,-1.7862450554663418,1.6870988722289466,-3323.743301553297,4767.538924110599
197,-2.302387611146513,-0.005274681351316907,1.692727189498425,-205.25140622098965,6081.987844971343
198,-3.007549795596261,-0.8203739146290686,1.697973500764159,-1879.6110308658674,5476.501936646024
199,-2.1420328699975144,0.6848485616910108,1.6888512639074076,1263.5376069254157,6137.312600069037
200,-3.407939635355534,-0.7209028189155573,1.6899412030793501,-1471.7835974390548,5516.548489839584
201,-2.3266161258366784,-0.007996378264527964,1.695212265284366,-178.4541770767338,5660.850892595926
202,-0.4715565826408388,1.7049589026666174,1.6937715752479499,4889.156285402589,6791.449186300941
203,-2.536322612502731,-0.02173487189616274,1.6992537942883499,-180.44960611074498,5627.38114475024
204,-1.0242272852352408,1.190853166470771,1.6895958535193403,3058.997658561998,6479.254012873488
205,-1.254536835280647,0.7387612727961298,1.6999928221045943,1872.6869445249476,6311.395436785446
206,-1.7389495268967674,1.1850809828104285,1.701680278784567,2288.386888177246,6224.09749706733
207,-3.828632245560457,-1.1130689938470166,1.7026048761439199,-2074.37934865411,5583.516257983001
208,-0.7353767789113681,0.4949857317347081,1.6836152181321224,1575.3039341540434,5825.303336742324
209,-1.221949403471371,1.1512158215701522,1.6877893330389413,2505.686299945854,5948.309776454877
210,-2.6146137054894862,-0.37811864022454594,1.697367576006868,-911.995610838366,5477.982093679473
211,-3.3665859732391237,-0.8656739133914514,1.7062797905966312,-1643.881784283833,5302.387793737422
212,-1.6411271255601567,1.090562206853005,1.6901204570179806,2294.9880450463384,6386.283937639475
213,-2.0500300916150915,0.5175716622475613,1.6974737035969945,954.3485812206862,5830.894563478847
214,-3.25441637981277,-0.6026144265922555,1.7030124183599396,-1288.8782833339792,5426.903487342653
215,-2.2774059314408612,0.35029349055944614,1.693985703844147,581.8354081624817,5716.439183249391
216,-2.755506132551149,-0.09527024979011767,1.6970324727530786,-303.6281672849924,5659.2993329437595
217,-3.6385144166258634,-0.7844973940980349,1.6858000133193087,-1531.6767225946146,5721.297777389336
218,-1.8528802972259772,1.0388327697117536,1.6793933157516592,2130.0393695027783,6501.004540172635
219,-3.5927526686769236,-1.2896668198935703,1.6962279233010022,-2328.868900416978,5319.8393451680495
220,-3.47109110489938,-1.2977449603564046,1.6879575332999701,-2440.9546996851545,4993.373421559998
221,-2.4264252001960016,0.21950774595279807,1.697182702243547,311.93403986181056,5987.8273435389965
222,-4.177201148668551,-1.312855514644623,1.7009482363543462,-2383.634246820843,5280.246860354901
223,-3.2136386165545248,0.054487856628424904,1.6997057573183307,-8.826561823833558,6280.045928730387
224,-1.1306599954377943,1.363603705639773,1.6879802539860673,3149.604665254587,6475.411927143246
225,-2.2520991618777835,0.6387887527919853,1.6878894824844808,1208.9410237695708,6402.031896975653
226,-2.6413473667718668,-0.8738703262315738,1.694054404045823,-2284.539857678336,5214.555593224147
227,-2.9601695350728088,-0.47658237832872996,1.68388533648915,-953.2880993690012,4907.145153613128
228,-2.870809041228394,-0.9314211725861662,1.6934964921144322,-2457.9112442162095,5264.037945564446
229,-3.744826376961428,-1.0481372085225913,1.6840456024948196,-1840.0526745200928,5280.356037025044
230,-2.2224833816923746,0.008808838248146883,1.7010123451467778,-143.56310887763408,5787.156021688509
231,-3.8447584495061395,-0.894238087662768,1.6907738677450563,-1619.9161570657536,5448.969526181479
232,-1.4396923983604624,1.2595672101467266,1.6903655680792153,2646.8806416233665,6149.6658499519635
233,-2.7083579953205135,-0.2701740883583815,1.6908022955299187,-681.0830864606718,5415.366597480285
234,-2.4112044745772687,0.13456070971397094,1.692774193586694,137.08057228852718,5746.966143387813
235,-0.8212499451168193,0.4310766182277804,1.6924052712290678,1343.4025250105917,6281.148775275258
236,-1.537859532365286,1.2019827678034278,1.695957046567178,2582.5431670037847,6451.370149610945
237,-3.236971843855528,-0.19892919879052898,1.6970506738707651,-482.10906350869675,5903.9464114436405
238,-3.47153173923297,-1.9265027217755093,1.696960918412713,-3928.4464700276726,4893.806269488749
239,-2.9628534166706073,-1.124582089663391,1.6934389275261794,-2211.3474581985106,4673.362535499537
240,-1.144825272305116,1.215626144148784,1.694317036688944,2782.6264310655524,6248.876104991296
241,-1.746049000078763,0.6971035235169563,1.7014980011578336,1378.6946413960607,5606.04816984293
242,-1.0344371859848378,1.1810924539090328,1.7089537459439343,2964.54154056596,6373.811536256081
243,-3.921546819232932,-1.4708031558595713,1.7019306132114773,-2584.940578985959,5138.554472651381
244,-3.195812057097108,-0.40431916432762305,1.7002987240468148,-891.6147983392904,5732.575002576638
245,-1.4033928249246344,1.056946308080358,1.7059381760253576,2367.1144393846275,6216.3608529747735
246,-0.14091769570404022,1.1234439620969714,1.6921148200510494,4778.26014858955,6521.06441800679
247,-2.5175142988477934,-0.4232649915513635,1.6989908739989097,-1014.1116590994184,5094.799629433684
248,-3.502179897688394,-1.6041992112756853,1.700753860040088,-3671.4643063682724,4788.033364759896
249,-2.299908899355925,0.4339227385351003,1.700956488881711,757.9412993457388,6156.374124055236
250,-0.5568913362505485,0.6904209074374907,1.6932343007245059,2391.6377587879356,6009.420597450105
251,-2.590121746119796,-0.4286450648287944,1.7055198359040977,-1042.6126942969797,5119.875372889418
252,-1.7188783716282279,0.07512973173945683,1.7024998310823283,-43.30269596817347,5489.084859710739
253,-2.202853504600072,1.1036498140181257,1.6969125736351627,2036.8007824099132,6531.415375564223
254,-2.1928412610201744,0.4313000915243129,1.6937139878697547,756.5197322412605,6026.631194262355
255,-3.7062560159974898,-0.8515078674429952,1.7028829873311129,-1637.7896782720866,5627.183023824947
256,-0.7885231995993244,0.3574577216431782,1.7035560602852289,984.6987910992199,5697.276170076822
257,-2.005798680086433,0.9557747567890313,1.7070416872436927,1881.3568381181046,6502.185637902193
258,-0.18456361114928238,2.0377413704831127,1.6989069204075142,5351.067418452921,6271.834426701429
259,-1.1630730846897375,0.8548170749100956,1.7046864737117047,2181.9144291188163,6270.248331411634
260,-1.6127539296138538,1.0823024113494097,1.7060258626182507,2360.0573497746373,6621.800094876646
261,-3.672930026277949,-0.10842524482100485,1.6972513630949522,-291.54644161854947,6388.9846629582535
262,-4.51358655507798,-1.3969370522001179,1.6924380946728173,-2315.890135242216,5552.119528939956
263,-2.1654341018274983,0.6122328666778074,1.6944672734138013,1205.8820310093915,6529.700784987019
264,-3.6820711259781795,-0.8260586598532875,1.6970104856724795,-1530.758881506772,5415.511423317841
265,-1.9495990530125258,-0.1145166734037614,1.6923801351675947,-444.25886719322295,5011.346854094362
266,-2.1125506839178643,0.7758535428379464,1.7065166557768847,1575.452747896889,6716.836855533757
267,-2.785181780832951,-0.5566654359019089,1.6901936963767008,-1185.9849112508161,5301.434205787271
268,-1.6627388548697728,1.0435236560974923,1.6972423918461583,2022.4768102989437,5866.782642616558
269,-1.2361711555864139,0.7876668424611623,1.6960767092339666,1917.348114795864,5946.059403209761
270,-2.9159255560616457,-0.4544047111497532,1.6958483104864162,-1062.481595768621,5384.62746311355
271,-2.780337281572975,0.03941329013765787,1.7064135645623901,-61.733460458882234,5940.882965646783
272,-2.493438188608953,-0.10686969534405723,1.6991637861292055,-377.56254692182966,5481.08824351658
273,-1.8922209514876793,0.9930350049444894,1.6944004232977294,2141.5960134137363,6803.414533740941
274,-2.7406622175999,0.43886502636589386,1.6931090774848652,773.4081386387273,6552.605558513917
275,-2.830097416196665,-0.1579505912602271,1.6838899728099452,-466.67511122806104,5702.181279943581
276,-1.351657343348629,1.012208961533646,1.700593600877762,2127.996664054951,5727.875508500373
277,-2.054389065544143,0.7762933270235006,1.7026433317913843,1512.2006053312668,6487.383042147735
278,-2.0611131432556444,1.042856781642255,1.691435018929648,2004.5489427039452,6490.358617715861
279,-2.6290232132821827,-0.7150523335376971,1.6941939711446674,-1607.5135200211407,5063.2503371507955
280,-1.5467208235967815,1.09235378692871,1.6963355902118178,2365.694016150746,6335.971133384257
281,-1.0766546545151892,1.0510473212248677,1.703163589135488,2627.5411662208808,6241.094290503579
282,-2.4854212769009028,0.1341535671463491,1.68910663424434,135.35260833698197,5788.968963149063
283,-2.4686032603711747,0.23215611643290957,1.695536406855699,339.63885147545767,6130.352873454679
284,-3.122944654503156,-0.8519795619048364,1.6942039241352134,-1897.970117443969,5051.353941444725
285,-2.464449150269904,-0.6523516892868333,1.6903199563883085,-1748.8748711358987,4916.013750163504
286,-1.8689925691956797,-0.11877402435628197,1.7058610849397486,-678.5433316619459,5925.731334629788
287,-2.0310140951692297,0.3608770967167192,1.6969576417416787,630.567207855526,5826.704650564159
288,-2.9198213365650414,-0.42959099645374926,1.7015324411128028,-1014.9179591679011,5609.6313554199505
289,-2.6463823835354026,0.3495848657602569,1.6973868416310818,537.759529345073,6025.548071800677
290,-2.0866022919001797,0.5261167679658908,1.7026550203389914,1034.3605474287376,6436.327328823308
291,-3.0464899779460803,-0.17820783452365482,1.7027347782293791,-482.54884857514105,5690.897656827163
292,-2.3432624536668367,0.5072686677611473,1.69563797364976,941.0129207649741,6314.565941491848
293,-3.316529547993346,-1.0088170464927368,1.71282566191236,-2147.117126425793,5289.0414270813735
294,-1.9152401981234428,0.07437099921915809,1.7089087419567714,-0.1849210068838616,5300.824192261247
295,-3.2556908513722798,0.1984315338831858,1.6978747248618937,247.44419373657425,6310.383176784
296,-2.838244611040899,-0.28832255356756237,1.7062082154428988,-660.6233749254123,5132.795914152812
297,-1.2315948098091039,0.5714833432807576,1.7081047595137755,1361.1554560024845,5608.953455397449
298,-3.401105201784239,-0.46423528068725034,1.7070282762138518,-995.1762425326381,5834.15786008643
299,-3.1882762487313636,-0.335573790194318,1.6998335424886595,-725.6259164913736,5824.337548742144
300,-2.6861618136025203,-0.14808395946875186,1.6961882143681326,-409.0775986898981,5608.2938779258275
301,-4.472318431717685,-1.7759101978001945,1.683341338859632,-3294.2553525911153,4988.9773508763865
302,-2.494627141772647,-0.2336947860238354,1.680259798568142,-714.8417953215214,5725.712786193655
303,-1.9550338252231878,-0.25352345915068963,1.7054765891990205,-1031.8708992575862,5910.2847963561735
304,-3.0787879616956366,-0.5906377168999901,1.6944080300988749,-1156.7389122797176,5215.660428107049
305,-3.515309592391962,-0.4996351875892716,1.6983469466765766,-1044.938722991529,5965.080479842065
306,-2.942405824591532,-0.16621160287539294,1.71046377709438,-444.59444669537663,5816.0055151237075
307,-2.901661056534391,-0.35765271828348066,1.6898789567748045,-813.466007507242,5631.975091486533
308,-3.7500474306667244,-1.3411822361036587,1.6964561738873818,-2359.162008456822,4875.557628984045
309,-2.663473608164065,-0.029234587280191505,1.6935999136919933,-201.921146577212,5757.534568312078
310,-3.9498817729252815,-1.767111597883211,1.704368020148355,-3263.4517425752806,4459.522990939655
311,-1.284829815043728,1.2908467446998124,1.6872562577296528,2858.7448288027927,6160.592650113486
312,-2.2324140255709715,0.4313851339407109,1.69282268539542,778.7382739922381,6007.2193205296035
313,-3.3523475925577486,-0.36755464233533575,1.6944622752075134,-721.1124692314555,5483.385259661129
314,-3.020866346080029,-0.1529726716631248,1.6894871190965908,-384.40030238820566,5533.995282897276
315,-1.9089926642851722,1.0971645856851528,1.692676733459802,2268.1169825447646,6932.414251548783
316,-2.427368226227532,-0.37059575288281704,1.687003198093213,-978.0763015907909,5333.538756834995
317,-2.9387080481041767,-0.03326935575856776,1.6987960122549564,-176.31075863665967,5799.998440415261
318,-2.6110075627095393,0.20503142404202518,1.7036200527850744,273.2652458920197,5815.636514133303
319,-2.520338162011014,-0.17247087851257367,1.7047456174209483,-596.2673304555776,5997.765909517106
320,-2.0523448579801875,0.744968802290319,1.687185804095804,1414.054724456033,6190.245209327131
321,-2.7703648192178907,-0.28943870948925016,1.6899956738043846,-704.1745116912068,5360.324331382559
322,-2.0450913921456726,0.3857898970150877,1.6961574216498003,680.6609132509737,5626.205479146636
323,-2.5137539701922336,-0.07007951779565161,1.6897360677222126,-263.511152798293,5150.475354521837
324,-1.9241172439407552,-0.07504066560989141,1.6947552082319581,-348.60206515060725,5104.40489765534
325,-1.8685033442268155,0.6448754136698162,1.6882555017637244,1277.610084828867,5829.74360720994
326,-1.7788954399391976,0.34205740581329075,1.6868004742188345,627.5439040076865,5650.149662711584
327,-3.819994900056078,-0.9225983673885361,1.697593302776677,-1685.5416617918693,5443.405369550948
328,-1.4422419763793624,1.2244985967901187,1.6976625369668255,2814.9248133347555,6872.615198693556
329,-2.3034227539903633,0.4218230078862024,1.7055303853523587,733.751117619477,6026.689030997927
330,-2.4478706005885917,0.08578318589846488,1.6878980619500332,42.54057962016323,5563.21668878951
331,-0.46621188808241704,0.7382855678383401,1.6898523005444392,2756.026498143499,6237.290572852412
332,-2.326791648788529,0.47605907055355756,1.6903324404999425,826.1535502452238,5840.370674956373
333,-2.620568854631177,-0.3203073640966833,1.6929678299541506,-951.8039850319886,6135.147647911512
334,-2.890516964272403,-0.38203119777308725,1.6948977986674711,-865.1635803650844,5603.416524308174
335,-2.0372375751263947,0.6386155080112736,1.6811010611537347,1223.042266960842,6312.829897268456
336,-2.799359234359212,-0.24467939271651457,1.695942572568075,-619.1655919081696,5540.382836675017
337,-1.2426379889079129,0.9583591586474268,1.694031433582715,2275.369705946887,6217.398132857047
338,-2.2526579973744174,0.34774032396610693,1.6925770916287557,580.0699862761927,5767.352135323582
339,-2.2903247208502107,-0.21258596310942127,1.6988998873444774,-818.9234868585763,5915.552031686881
340,-3.8625135412756166,-0.8467070514338565,1.6946626481107092,-1567.9384778076846,5542.864634581758
341,-3.9247397155649004,-1.3398788795007242,1.688959289873496,-2260.5880821294845,4797.017607944567
342,-0.9571842405258089,0.8615129633026132,1.7023297404363296,2457.457895637277,6671.86877697829
343,-2.9643075276499675,0.052721613547586865,1.696305002536313,-28.106697934954425,6295.980410566854
344,-4.409120635134797,-1.8441177392947694,1.698383189967296,-3055.745001466137,4922.952356021517
345,-3.4846478143864283,-0.5567497172968322,1.698595608599499,-1100.899552472328,5620.748962147152
346,-3.198770463081055,-0.14395049766119958,1.698002176752186,-369.10693966259487,6255.986724532211
347,-2.3344809745081285,-0.1988691456680641,1.6954567475302447,-631.8308894806755,5535.098479625416
348,-2.4570475883852025,-0.6933179642602378,1.7013467646509979,-2034.959803244128,5373.949144784256
349,-1.5965443614924106,0.6719348477622591,1.6935967568607013,1400.2849016029052,5914.475150246598
350,-2.5107305747096986,-0.30559884699279294,1.7114280437400908,-829.0482909041878,5248.2036382970655
351,-3.874356950393341,-1.1079399179650247,1.6951803015413738,-2017.9727869395192,5369.070649232096
352,-0.7067409727880728,0.3516819874730212,1.686853921138286,965.3568401081436,5376.852939363187
353,-2.1813462702903244,0.5410129500306892,1.6802908581725997,931.9436009882471,5621.088165433232
354,-2.8028135498613227,0.39291537199731946,1.7025239143242479,644.4775294999948,6498.979172551854
355,-1.9919750147248358,0.30713915402836334,1.7001275953798833,509.8348335469847,5347.622078253802
356,-3.1388465364553215,0.22769500865653672,1.6975577482982667,303.8519240045722,6229.972488671358
357,-3.967675577588523,-1.2322471370702215,1.6951438863227846,-2175.644013990788,5280.63222386366
358,-2.488489627225036,0.2370685378487309,1.6908642350418044,347.11038992303753,5831.806672107589
359,-3.1024123083760884,-0.6763288713713846,1.6996426608152748,-1381.5000641931563,5082.195838802475
360,-3.7328572338248485,-1.4191028496067304,1.699354474400627,-2625.5568677348674,5079.604760556914
361,-4.635381576445742,-1.9396460509660194,1.6942730961483652,-3527.889444005819,4859.379446828314
362,-3.4807786571392367,-1.196628222252881,1.6864418852539147,-2261.9051704205176,4873.404873320855
363,-2.1212197415401337,-0.013816638983030012,1.689355440754475,-220.08165112300534,5910.785883519727
364,-4.353063796988912,-1.3235101870002062,1.6975079246440354,-2173.719425215774,5276.696576780631
365,-3.4445332236943806,-0.9579764069747596,1.7014594708180855,-1845.150513824648,5143.28017314399
366,-2.4662083771829213,0.33858097460923503,1.694989226153263,524.3152395345944,5909.998314336516
367,-2.4414501674667486,-0.022271765883030734,1.6849333323861273,-159.19965385478278,5247.3590372634535
368,-2.5666116349309736,0.1177755365708428,1.70094196679626,98.49598321468916,6043.765169250789
369,-4.391937912038999,-1.0249696970980062,1.6881166456576067,-1743.967777205188,5550.779989576173
370,-1.90743612765672,0.6007133066055416,1.6966275571774005,1206.3380329836232,5851.183001441695
371,-1.396132205788114,0.40435272975140407,1.687148951301832,872.7178216423972,5756.197653804789
372,-4.025725539323016,-0.9244020902667823,1.6905102789794828,-1766.2311187697849,5727.503553066084
373,-2.462728525375808,0.11242504027068823,1.6930025487896019,86.37790128760926,6163.902577416326
374,-3.491674347095313,-0.706283716835299,1.700366143717767,-1491.3536190689133,5824.249087484536
375,-3.5388803141782668,-1.0521617321094776,1.7008995322804348,-2157.236339850333,5575.731169965737
376,-2.9428909585744796,-0.43590759920255434,1.6988094060989645,-965.3710643536451,5497.259408602737
377,-1.7582150154767404,0.46581266937994786,1.6912121635049917,870.3352301479148,5506.115529273432
378,-2.3905294336003715,-0.0751466571744715,1.6949679739760475,-326.90542589754034,5697.5358852868485
379,-2.4615929590546926,-0.2021588699827088,1.697398851843063,-619.1239807959648,5499.692717445187
380,-3.0895616503228798,-0.32113953806501433,1.6989521433345787,-756.6821370524056,5804.802628392605
381,-2.766472371342277,-0.08701958654049478,1.6970850179997232,-303.18450368766446,5673.723506588351
382,-2.6783585286493614,0.19829148884153566,1.6988877968405425,266.96865397413103,6237.639816490164
383,-2.264964859296179,0.17753773568312473,1.6959807066621755,223.7099512884268,5554.067967572558
384,-2.3332807487345053,-0.1939147870561659,1.7002116158264875,-728.9281948793877,5946.730228873182
385,-1.3797825822626812,-0.4951385982727597,1.6908328979358382,-2072.5241087738104,4809.238010536169
386,-0.7733143067859674,0.2468612627684088,1.6968384252331357,526.5972175845754,5419.096821193053
387,0.38200289815008004,2.159540113669818,1.6995840509156885,7773.896185788628,6666.472111579308
388,-2.174402779423369,-0.010580026997562612,1.700193729843645,-192.45171620882863,5575.3205411667805
389,-1.0208776725803062,1.3559730036926927,1.6929416314212555,3261.7619947446233,6419.957999250211
390,-3.312208409091911,-0.4603615998693972,1.6898838298072707,-904.4791411336448,5432.195274166483
391,-2.394149162119119,0.41151046607227265,1.7006056477776732,724.7306713404272,6240.122718132799
392,-2.7272692445465903,0.10508293946503244,1.687160178124695,82.55992698586833,5520.40792886885
393,-2.541311350940383,0.39440906584224183,1.7047085648114955,641.958468627017,6082.107022203887
394,-2.096544088948744,-0.08587727881950666,1.6981672074738003,-500.24070575351413,6001.140890803139
395,-2.3899714893784387,-0.14990375839405876,1.696491997646287,-440.8317125532292,5400.303771880659
396,-1.6741072136378636,0.9521295358573747,1.6884341337538524,1886.4193649363847,6149.779997619761
397,-1.4615460365445636,0.6618834750350931,1.6987432119109431,1519.1169439731216,6282.31488107837
398,-1.2850195014771386,1.3234329026841474,1.6979181602409832,2963.028904061797,6704.9893640968185
399,-1.9133707425451834,0.23934628955846143,1.6993166352724407,399.78467356378025,5841.783828969738
