trial,net_sharpe,gross_sharpe,mean_daily_turnover_equity,gross_pnl_usdt
0,-0.1717851279366573,0.7054614622345524,0.5317494903577089,1334.2173837443877
1,-0.178841786556602,0.7551346291209253,0.5296195680531814,1603.305920332564
2,0.5340274815106228,0.9537192091906815,0.5299164837065854,3967.833680114111
3,-0.48280999261395435,0.17859475515808987,0.5307377253873339,226.18696563599607
4,-0.43488438792350653,0.40514745856793827,0.5312105570223076,736.7263633702119
5,-2.2338365565298757,-1.4221577763984488,0.5308640092576404,-2679.4452644102
6,-1.223025037784403,-0.3539586414719006,0.5305422293658191,-760.571891758483
7,-0.9488687889396069,-0.19600395380101268,0.5319500846306927,-537.1332022771574
8,0.32445644959558756,1.2826096500709072,0.5316374706229486,2506.364553833134
9,-0.5817920444978606,0.35964881474689775,0.5322344325222562,627.5514614348596
10,-1.3625961346499138,-0.6396918373171839,0.5308271128370761,-1540.0224429650007
11,-0.7269823172975252,0.03463103900771622,0.5285669559425744,-109.23956211530816
12,-1.0397290529470151,-0.19202031577725232,0.5294612784962985,-437.0679391739557
13,-1.706965592043753,-0.8661739792636509,0.5295466230695212,-1647.4033359865593
14,-1.949105728849098,-0.9911122008811284,0.5321802356954303,-1877.0094954091128
15,-1.299365203128529,-0.39315673247089056,0.5308424995242621,-840.2502245125106
16,-1.166127993272943,-0.33802381348561145,0.5326173303992647,-772.9972252749313
17,-0.5601157828411862,0.13076684463626326,0.5307305242674427,109.34234363843353
18,-0.8351068439065281,0.08111925458512391,0.530527182743809,25.5909107744949
19,-0.6353242306288622,0.2417992664691281,0.5295789509493046,358.94389050831666
20,-0.6422330629027597,0.13325192020091944,0.5308221388463703,134.85457091920946
21,-1.3693819178110997,-0.5452591923586563,0.5316787103956055,-1177.1560045754977
22,-0.1624752966132992,0.8031691014775119,0.5312771867017473,1477.4863156218366
23,-0.16478463407525903,0.5817350840399664,0.5309442096171301,1260.6165085716466
24,-0.9269382979188925,-0.35205071536422317,0.5321509164538042,-1187.4142213626205
25,-0.7626197788386965,0.06402651295730907,0.5308583305743753,-15.082787392957016
26,0.3837168106505438,1.2968626940093302,0.5289889729203598,2632.710592784354
27,-0.1538505569446858,0.5863291095612324,0.531787636670223,1195.7492425004689
28,-0.012765838869088943,0.9328716691465431,0.5317880953123663,2030.4992514319808
29,-0.702517502712641,0.02797188658075499,0.531372599592616,-101.48512730985209
30,-0.6194433627563207,0.29283452891493456,0.5311723755088242,456.45545108109206
31,-2.4190555987777236,-1.585537428253116,0.5313275841261296,-2736.198472430294
32,0.20346208689979306,1.2386259897158072,0.5308649971853133,2563.966488473671
33,0.5155666615724541,1.3219210158377397,0.5321792041159016,3542.3072267657267
34,-0.904133052194588,-0.04250566243090991,0.530742904629402,-196.79654676738636
35,-2.614414380886641,-1.5440340311839635,0.5312536695434253,-2750.8512094829134
36,-2.693066365899579,-1.7836668796126636,0.531438135449207,-3138.667826219942
37,0.012734426493550798,0.40767432068138665,0.5282563144812407,1253.7508817323119
38,-1.0019398399373938,-0.3265314393923604,0.5316917206367489,-1038.5795005741932
39,0.027190975786262284,0.6823381866469421,0.5308810489241412,1579.6869882120516
40,0.1932542139408027,0.9688082312948915,0.532494338724432,2046.621817835977
41,-1.3212984131920373,-0.575249536663448,0.5325125997764554,-1340.7799702003426
42,-0.3951269493765513,0.6630934792663562,0.5311376388369045,1152.016877115912
43,-0.6166869034150217,0.4666830256156121,0.5309546247022124,774.5201988697715
44,0.35133442330239584,0.7947127780127231,0.5313200076778233,2885.540728079137
45,-1.4209990684054512,-0.5693943210118714,0.5308744879996089,-1231.5549857717774
46,-0.8773822811587025,-0.06211710610442229,0.5295967771121545,-312.7904053134224
47,-0.9821838263275912,-0.06173085767033531,0.5293798224718548,-263.16629946899155
48,-1.936725965474167,-1.0504127849030418,0.5312408981029871,-1943.995167134477
49,0.6111953852547142,1.0030324005339257,0.5301075575131424,4403.164978105636
50,-1.0413830906354684,0.05553869748267444,0.5315894728417866,-3.783939203517402
51,-0.32872876509487875,0.3762158806335681,0.5303095007854328,743.0113683690923
52,0.8820471067681794,1.7114166100288721,0.5299201095283208,3973.834531541268
53,0.041092438783542004,0.843581255091875,0.5296670613604457,1882.5389769784292
54,-1.9940666348068918,-1.2444258995475843,0.5329444238583928,-2322.3006729692074
55,-0.7354263121323574,0.25200936742035973,0.5312975346701937,363.9904801398295
56,-1.4308578105093919,-0.6775808735670813,0.5324192515920446,-1420.6120719918956
57,-0.2600246877478816,0.31656474177326555,0.5308407485067751,526.1061079042905
58,0.14526009875973506,1.0460523903966386,0.5313663479127342,2108.9016015713933
59,-0.3632892979209644,0.584012800095017,0.5310197339397631,1073.5932299920748
60,0.8463973003965087,1.571304171694851,0.5321948718260561,4551.173314679012
61,-0.8213701812468511,0.07590768620840153,0.5301700868170679,19.660561008212653
62,-1.8500001326716176,-0.8898203445833381,0.5278566597069755,-1677.9669633910453
63,0.5254051348272083,0.9685712537812629,0.5291676148614215,3984.5548840363617
64,-1.1575154559068728,-0.11087237881960714,0.5333858249234861,-337.9819605509474
65,-2.671006077377928,-1.8505884506921297,0.531224004295685,-3230.2449090108967
66,-1.6316576740765611,-0.755020488461964,0.5294209193437828,-1532.6796241511645
67,-0.49531709592319273,0.4510082907049381,0.5277905303971628,774.0930877820986
68,-0.9576484810458123,-0.3159493791994007,0.5336166911168316,-943.8075841758787
69,-0.5493605283107098,0.134635925315185,0.5302686326474376,137.97508569239776
70,-0.04348558208201504,0.8217945901724121,0.53083742909892,1529.212759769081
71,-0.8110872308981233,-0.11515212288457269,0.5316828260432818,-376.8427944694906
72,0.6491678846185177,1.2734391815407773,0.5321450565132266,4341.908961265025
73,-1.2122042398964743,-0.3195704332845267,0.5303553619309208,-775.4438643238682
74,-0.3030143627349055,0.543203675500337,0.5320966015931837,1010.2316575110044
75,-2.2197905907938154,-1.2646414742128176,0.5295009499449264,-2283.783755474871
76,-0.1208029272875719,0.7590081722621298,0.5311072296920599,1469.7118256830784
77,-2.2849768499248304,-1.6860476340518815,0.5322892320749675,-3305.382751624897
78,-0.9584742855558714,-0.10194335615768288,0.5322665969668955,-336.55765860982683
79,-0.16437865030955587,0.7462205262820333,0.5299070687543749,1372.2694230939737
80,-1.123530433379267,-0.4491960125050727,0.5326318041170737,-1082.5779382876879
81,0.346552196468932,0.8999023064194737,0.53075622087688,2248.0421073238253
82,-0.5674305935307816,0.22794331103667892,0.5313386896819031,355.6359168353379
83,-1.026949264944601,-0.24915523329986158,0.5306977719624182,-600.6306173745658
84,-1.830821679217371,-1.0375034190035761,0.5310833089085891,-2148.2574151508834
85,-0.7329873310024201,0.26205911098771856,0.5308373426252905,357.1025317476432
86,-0.6886055590614555,0.2950553626424882,0.531469004243886,489.9994243404519
87,-2.592816451737449,-1.6398100745187791,0.5307556643483584,-2961.986721384601
88,-1.9049379690429056,-1.135786061087147,0.5316690137778757,-2422.4909279016388
89,-0.3537213767387861,0.7381498326782499,0.5298083600026673,1177.2024479259046
90,-1.4637454132013756,-0.6864746757540946,0.5317176096003624,-1601.5993204961405
91,-1.3219118797229752,-0.47545899027011324,0.5304833481493063,-1067.7982003257132
92,-0.27708746057439587,0.30585622843455673,0.5328078869829469,581.7676303019765
93,-0.7367868699023844,0.19055407332419014,0.5311029808844193,251.54072095133424
94,0.007070342228783446,0.7962633913903101,0.5299204072022045,1800.4922443340922
95,-1.0227433970026942,-0.16587046900923735,0.5300227355267806,-449.41231190463526
96,-1.0759487599251036,-0.06741743714743209,0.5280362701898105,-295.18629658515493
97,-1.0649929237836468,-0.3151449155380367,0.5311164948195849,-864.3402374237683
98,-1.6465937229692353,-0.7418816719624103,0.5305860406844756,-1711.0377513039555
99,-1.3791829742883606,-0.5363591303952658,0.531159873965164,-1223.154197927004
100,-1.7438224665810418,-0.7063109879568479,0.5318047373691441,-1343.7711046387114
101,0.34488121282224893,1.4617904764675087,0.5296834107944843,2882.196841801141
102,-1.248533810557397,-0.35603214687619184,0.5318587006607263,-863.1468017755867
103,-1.6475582889658669,-0.6988925710013857,0.5309495025212305,-1428.1764245890965
104,0.14497029386923954,0.8705234138268204,0.5306915670328678,1784.388715541484
105,-1.0578714901076676,-0.3634235303969634,0.5305807749016773,-877.5132134809406
106,-0.21037867397401114,0.6623782932045855,0.5303467982898922,1346.5978905999996
107,-0.32589476236025433,0.5872937525347314,0.5304080548054281,1015.6218268821056
108,-1.092812108132561,-0.371936274989032,0.5312812329337377,-741.5562598535108
109,-1.0857431097273305,0.019307767937465435,0.5320329821075923,-84.19123638776543
110,-0.8104839637494177,0.09066680385424676,0.5319401987079422,46.61985178294792
111,-0.7907319580000703,-0.0866768217979621,0.5318771411650945,-360.9750486435506
112,-0.9838407787476978,-0.19265757286535623,0.5307930999734064,-524.1946268755205
113,-0.9196620819442116,0.2630686508560632,0.5303828772924163,353.37336061321616
114,-2.1245617179218477,-1.2788317055300598,0.5304046276809464,-2258.7927913519716
115,-0.2954520411263131,0.6627921530008146,0.529149712544618,1214.5335352031213
116,-1.259480783041835,-0.33960147333588564,0.5302593360177793,-745.1583500004214
117,-2.6517842269454768,-1.6865471065998452,0.5304600822740136,-2705.179639231289
118,-1.273990745848479,-0.38836633235501555,0.5314723089552394,-860.1794961665863
119,-1.3768827889294886,-0.47512760779019003,0.5310251190777722,-1006.8626333077307
120,-0.815013790474899,0.12056166715287944,0.5305902321511827,108.51183842089506
121,-0.027650930584582793,0.9390201044290061,0.5304447491716817,1946.1736951476785
122,-0.9810477740102953,-0.16238581019378096,0.5314341289857171,-427.60108688938806
123,1.6532376188513411,2.450067430384741,0.5290470416020399,7757.123787799423
124,-0.44065380710447405,0.14543533777035678,0.5302631438847057,125.51836933906378
125,-0.7258548663135789,0.2654920445080327,0.5313422081436077,409.0959552779773
126,-0.45016813971066016,0.28500780862635644,0.5303974093528122,517.9187614004528
127,-1.2762723084778091,-0.27099366091905736,0.5312495925349546,-631.103484339709
128,0.7009841699755938,1.6107924980077568,0.5318957793062209,3770.6270459127886
129,-0.3589083434876138,0.48715112480515577,0.5318663089277014,918.5041370956368
130,-1.241598303141242,-0.2248610461879703,0.5307249054372595,-567.6151786823142
131,0.6076613387877093,1.4905753229984726,0.5309695822368441,3375.527813095407
132,-0.4412472198879626,0.3361469551412689,0.530491419555126,555.8335191676097
133,0.3041063538971074,1.028464703472978,0.5300468640851548,2194.414341997001
134,-0.4604268587738562,0.4573371769176915,0.5326118356517052,820.5846689094167
135,-0.012538423176983591,0.7675046402217481,0.5292819107895186,1489.5376890139196
136,-0.5966723502237792,0.18872458531375036,0.5307571962032616,252.7630185399836
137,-1.3023494738201544,-0.7774554724454045,0.5332209236496593,-1878.6028279713084
138,-1.8521253393563775,-1.151972608561503,0.5304256401672011,-2298.718019991306
139,-0.7828567655369362,0.2233948614552913,0.531620176895149,300.7748465136998
140,0.3239408075389879,0.9851075118779938,0.5284526022103693,2210.6906815701586
141,-0.16017993092515445,0.5905616606253687,0.5311384143089692,1129.9060759774763
142,-0.022619314371918185,0.9852436362860041,0.5316128829601978,1964.4608935262736
143,-0.984158982839721,-0.21921613288044592,0.5324794770218906,-574.221246342548
144,-1.1892455637841852,-0.21937839568821466,0.5311629001186728,-559.0679783036807
145,0.9860448090326768,1.6400149453692834,0.5299531534546984,4971.707199599106
146,-1.375061433050426,-0.565738719855768,0.533029850734207,-1333.9916840225335
147,0.3991892045192952,1.273026782368366,0.5309541423253956,2825.2325196234538
148,-1.8283881579130312,-1.072373303428999,0.5317269487871158,-2185.512630759734
149,-1.0526888020526255,-0.04435316056123189,0.5300583091049588,-201.2345785998969
150,-0.9845594497916561,-0.07866425236263909,0.5316870540189991,-336.05178842375517
151,-0.10609447929083257,0.6177527204284418,0.5322028524073273,1110.5557478192459
152,-1.1065981797756603,-0.12039636653762731,0.5310812593650268,-345.37949271463697
153,-1.3941320403065414,-0.5745305562050264,0.5304042884474888,-1054.4371240357207
154,-1.3021000941646155,-0.45994822015569975,0.5318346280490179,-1040.9288787846676
155,-1.4628234941847074,-0.5091105830214713,0.5306613880016837,-1089.1752384969975
156,-0.31343243680340205,0.4384828288198514,0.5328386366775923,906.5039732189576
157,-0.5419573525302083,0.36192231884467196,0.5307702933313296,681.5382079897146
158,-0.22761139342131656,0.6504079009582637,0.531989208768582,1210.517656979454
159,-1.8703950821922966,-0.8914014106970729,0.5308078105068118,-1628.3797869224059
160,-1.1563998041110408,-0.20267226216905987,0.5321331431115237,-488.86049034894825
161,0.4174935337201374,1.2727685712964112,0.5299358626129719,2795.5648868803437
162,-0.0708846673623287,0.6051433550724838,0.5314344180601585,1341.9785411984649
163,-1.6066063873694951,-0.8148719119247445,0.531260678984466,-1718.756881721565
164,-1.340916032315639,-0.4779992517495591,0.530949302714659,-982.2109091979173
165,-0.9961307246706096,-0.2000559374637541,0.5327047851806306,-534.2201025358837
166,0.0812973855012186,0.9378082215244611,0.5311511462254244,1922.416105025567
167,-1.3246742048828972,-0.38174396949805145,0.5308803838880599,-870.2057571818823
168,-0.2673588184146569,0.573912095488076,0.5301409650003907,1092.437751218991
169,-3.7524956887333016,-2.8973708241251988,0.532880171418354,-5492.949596636687
170,-1.2933407535850703,-0.487211405862301,0.5293712394376454,-1062.934428552582
171,-0.4924879907527147,0.5164219746694511,0.5314823750447532,914.1148002532977
172,-2.2130889219071057,-1.4573445646811134,0.5327682465623595,-2673.4652274819396
173,-0.03547501717689751,0.769833334478975,0.5314517047723994,1713.6242836234692
174,-0.9525757486877768,0.06848541145135204,0.5313095631311905,7.251285210464914
175,-0.7535768665408512,0.22635209209824728,0.5314386196002547,323.011014755363
176,-0.6535424044886581,0.2197002143583056,0.5303783061634888,308.0203170943938
177,-0.6436879396620948,0.057268925531246906,0.5333791503856692,-28.71150988012882
178,-0.29216678259331613,0.29581117385621086,0.530470460193055,551.9728764320137
179,-0.5773067382119967,0.2650550974397264,0.530219343523798,415.0483069290444
180,-1.850797781653764,-1.0463620795319974,0.5309765226123704,-2095.4875611335433
181,-1.4627425033102273,-0.5174698175673491,0.5309502133907655,-1155.833802618466
182,-0.7881174687999298,0.24411879999721312,0.5297611970365826,337.2142887546803
183,-0.6185839676912317,0.32832879467562054,0.5301731848502504,510.55373766530647
184,-0.3462691835444767,0.6210001182729411,0.5322194853771337,1127.9328735318547
185,-0.8768320857957667,-0.13109313300429642,0.5317263187280452,-495.647802403012
186,0.5440742416221611,1.3814754096892938,0.5309025763730274,3083.849189617642
187,-1.056988104328618,-0.06024047375685104,0.5321300402619221,-238.5538898842982
188,0.5085580691749809,1.3482158344871982,0.5302277517917565,3657.490736958791
189,-0.37481918458043045,0.23472311544263486,0.5283536719495553,390.2775287073726
190,-1.2037129033810074,-0.28955266803168633,0.5324122520898974,-600.5802505981043
191,1.3097309215716482,2.123671348323341,0.5308213772097282,6232.424365998365
192,-1.6622006438348391,-0.8149346997756309,0.5315470837117227,-1856.013056788924
193,-0.8345755386431541,0.17383881671742563,0.5304833638961033,220.98397265951942
194,-0.10998492426155777,0.821733823602088,0.5311418016895227,1647.8178675341346
195,-1.097298047072002,-0.21193027724855268,0.5299913592772681,-540.3850144241227
196,-0.47053424572695673,0.43659675365391853,0.5301097274150628,769.735936914227
197,-1.1342086202036987,-0.4131873184291656,0.5309358714328468,-1106.9694355261656
198,0.5534678783946345,0.9626996148818748,0.5313982778625763,3840.3969593567667
199,-0.7473718080082045,0.24409993980007355,0.5313016747394073,349.98643833368726
200,-0.9294480084793587,-0.16448136927754092,0.5305475221422228,-428.1734634618554
201,-1.4901864865707088,-0.692635743621043,0.5305431354671645,-1412.9278743739374
202,-1.433931620221226,-0.3787174407316929,0.5315502937681283,-797.0266053855598
203,-0.4971167855904827,0.3840629549919344,0.5297619611087706,660.2235295294055
204,-0.2681011668008545,0.6737643687810309,0.53030762301551,1218.77573604073
205,0.25318813464068907,1.0602117933373476,0.5330566418162919,2242.1738302462622
206,0.6927872602407,1.417148732432595,0.5323056562691771,3185.534089789051
207,-1.9737617782074404,-1.2911033030262475,0.532018617344456,-3026.827555438152
208,-0.9341658640932079,-0.27437325814040076,0.5311623835797056,-806.3274842582692
209,-3.1341926433333347,-2.4341518734383056,0.5320704618527827,-4277.66054029237
210,-2.1259720433864855,-1.321352525834179,0.5323211446953933,-2389.316312368326
211,-1.7098000283683248,-1.0530882909808734,0.5329270056577909,-3031.8079843862024
212,-1.416173972044509,-0.580518447709244,0.5303158594073437,-1243.3854277366643
213,0.6948423584986324,1.5792250938772894,0.5322213168669233,3817.690628918031
214,-1.2809344832370242,-0.7422546759631439,0.531116800941755,-2274.6347288173197
215,-0.3880605229244617,0.3405295750796896,0.528795441677591,603.1962531794572
216,-0.5440990364574969,0.38515798832478304,0.5304336244155164,634.6496509470785
217,-1.002206475631108,-0.12680538577254669,0.5312071259385213,-407.16133684456423
218,0.05135875155031576,1.0500843896749732,0.5322673144970503,2250.1079037826967
219,0.5253319696170345,1.110332791859461,0.5319167791796051,3369.9975468290836
220,-0.2994134790083779,0.623955727071588,0.5311437336874848,1125.731557398791
221,-0.7427001053584628,-0.09913368069186759,0.5308648624240916,-430.77977547304704
222,-1.2921640583170133,-0.2823498019028042,0.5323284094972256,-622.8814974234601
223,-1.1372126419921955,-0.44163945915846653,0.5308863803048569,-1107.0665612581424
224,-0.8652088013974372,0.21307942986401282,0.5320722755735634,294.2139858480731
225,-1.578394644417248,-0.7053347455013861,0.5320128524578922,-1409.6288780828545
226,-0.47333787489482315,0.4346402684633098,0.5309948556276207,771.3005745342257
227,-1.2342271464737808,-0.39190235849040805,0.5316882834124026,-997.1045797159614
228,0.19378060249187595,0.9294679634389477,0.5295804345798466,2174.048645108808
229,0.08279141474770359,1.1052037664557912,0.5297337172277052,2164.168748297871
230,0.25120370269494635,1.1756136887464474,0.5303693280517366,2212.905102728757
231,-1.9289777742834078,-0.877936805896547,0.531560996384697,-1688.9400981294139
232,-0.9597436045616846,-0.271151156034864,0.5324209186769111,-780.1949962129656
233,0.0007688221765754019,0.9920495696233723,0.5312829581797639,2021.2982377955313
234,-0.6522812238388903,0.3890468630091829,0.5293167734812069,619.2876862138402
235,-3.6070402822078247,-2.747261524011752,0.5314787867214925,-4443.564488825858
236,-0.7612384553201524,0.27162701894539726,0.5299578116422168,413.1948402429222
237,-1.7197807281391029,-0.7569131739403397,0.5300483887891604,-1421.1000202814723
238,-0.2348774852843949,0.6807382261218988,0.5304529497213964,1234.753394335815
239,-0.6645180954560013,0.1343061276967422,0.5328329305691188,134.19886833511345
240,-1.799620000470966,-0.8209376942773289,0.5318427992323957,-1516.9172300950004
241,-1.0790000377119224,-0.3872100781626583,0.530172911024653,-986.920569152099
242,-1.7633611730877887,-0.9825618204518362,0.5306255795678908,-2045.2743838550082
243,-0.1241421126075162,0.5440098143281799,0.5293976998777714,1093.1621627338625
244,-0.27339966888340317,0.691982709989619,0.5319191950410556,1366.0872477156795
245,0.6346041225327403,1.5714816891801804,0.5309891841614023,3217.689117292264
246,0.2836351517513657,1.2095677149466635,0.5301803204684914,2450.99143268211
247,-0.4860722641700508,0.33128061930679087,0.5302380046809596,570.3089168355776
248,-0.9612834507326157,-0.04077382725584483,0.5313079008478742,-189.52389185241893
249,-0.9697835193484801,-0.12345960453065423,0.5319988746235269,-383.32631073177504
250,-1.0910967507524896,-0.3820218796382485,0.531078307702444,-865.8601397621317
251,-0.8738888038833773,-0.3376032875920477,0.5325771227967253,-985.0975014709991
252,-0.2714484445908169,0.6457929066620239,0.5328508316767618,1270.732727004595
253,0.47444069603310834,0.8791017075331531,0.5314554431238304,3618.395684668585
254,-1.073655898227946,-0.2345742100767688,0.5297204370270225,-568.1347192180683
255,-0.4944510414317874,0.3531865329710056,0.5297366941199251,605.6801985908086
256,0.2931402299982236,0.8366520658853349,0.5317964217122217,2290.345797829253
257,-0.7430775049085208,0.2122751464003328,0.5303821845324077,291.4618126710494
258,-1.2083079933315442,-0.48769333844978907,0.5327722383993841,-1282.6004390871767
259,-1.9022441504314624,-1.105710047037897,0.5326408324433317,-2355.6117063320444
260,-1.204184530603651,-0.39194904511131773,0.5304876294348598,-894.9812906899983
261,-1.5924169042501732,-0.7180225810204119,0.5295701661525393,-1459.5901215240515
262,-2.638897959938387,-1.6011664937412777,0.5324994584394775,-2493.485369995956
263,-0.6752317898601039,0.21486187190121173,0.5324132847117686,298.50470992800655
264,0.1448378873660916,0.9623183849532341,0.5310409921730412,2177.738222515976
265,-0.8155781113027267,-0.1085499857694309,0.530272859702109,-337.59114322679034
266,-1.709099690027345,-0.8413140353771139,0.5288227547463554,-1704.4175420962247
267,-0.8342198502183845,-0.21479040121675014,0.5331183022453551,-860.2965222238896
268,-1.3908017004605082,-0.48593684174977053,0.5314791371191624,-1130.260121581567
269,0.3945943847408932,0.9074645339170467,0.531485734677471,3706.9956195099403
270,-1.3152038863250075,-0.6931513489081715,0.5327074679940104,-1871.74822247488
271,-0.2948616954777967,0.5533352657823503,0.5320990791741801,1093.0972597242744
272,0.550573821889492,1.574561530286236,0.5298251120551967,3219.526368699577
273,-0.7940264249188754,0.0032300546011960235,0.5308435288334189,-130.24368601384444
274,0.44286033198276664,1.1771163040908095,0.5316163697400873,3327.184256204031
275,-2.67690185413212,-1.7449883966753836,0.5325987440060527,-2930.039147015337
276,-1.691328064974562,-0.7957913125101461,0.5296576789280663,-1454.496894236961
277,-0.9080227831339791,0.05838842277903283,0.5317785840933382,-17.908676354590874
278,-2.173103719664471,-1.4169497305658882,0.5309780107422564,-2881.8193672165453
279,-0.8545191106594019,-0.02734723747808406,0.5313325634794709,-217.93930812813542
280,-1.3629414465023268,-0.518682552632489,0.5305858495227027,-1121.883832842339
281,-1.1024604417834603,-0.25199319484998184,0.5298953402399759,-659.2420166909712
282,-1.9880865622564217,-1.1661056330290487,0.5326225651858902,-2469.3350537523847
283,0.2754430742670793,0.6654476169778643,0.5314973125706747,2558.40264657574
284,-2.3204338642216356,-1.4277325002646175,0.5299312810037788,-2308.299150617016
285,-0.25985132861663623,0.6293674172304498,0.5316853398755615,1134.002385717921
286,-0.519639958311888,0.42460076566542837,0.5301043297976469,682.8070076430884
287,-0.8414392056170723,0.021889319863265186,0.5313453732125507,-77.8534170914306
288,-0.1542704583215068,0.7008926099037199,0.5319903918101743,1327.4397503480502
289,-0.9524479895490401,-0.1562161029186646,0.5310777827760064,-461.06055172850495
290,-1.5753491932688708,-0.8619720601638033,0.531959492194965,-1998.373268982992
291,-1.4152087674617382,-0.5017870411811862,0.5318501914773128,-1032.956231172586
292,0.2263395590079033,1.1809348136024476,0.5284356136563776,2290.7200247994488
293,-0.04196795927199662,0.32332070802647606,0.5285064631081281,873.5075404313499
294,-0.1357800471963522,0.8338459284002738,0.5301994605348889,1513.7461133568818
295,-0.4307820873230692,0.3926182107550289,0.5302254911441465,705.4058272278849
296,-1.21019400720092,-0.14866924081138336,0.5309466618657476,-383.6409108955169
297,-1.2242876227902317,-0.16220618190742012,0.5299044807798653,-386.2867281451173
298,0.5905949594770848,1.3414209018804224,0.5315890437053624,3314.9726635951815
299,-0.4517644762418305,0.3104039041534814,0.5311923336004928,508.37312847080415
300,-0.5375979110772846,0.5696570564915031,0.5312866388590831,957.8791611402801
301,-1.064041374812068,-0.3081411960451827,0.5303985919270213,-753.6647774943473
302,0.11448423755871474,1.1428404850138036,0.5301613360011727,2560.598613713358
303,-1.2180828403802892,-0.37642865111478424,0.531103188858925,-887.8725903474234
304,-0.8256346340513322,0.19026688855793614,0.5319038939093932,246.27521159686475
305,-0.7496750597616828,0.08675293947912652,0.5299292539737382,39.781789551249304
306,-1.090678558950414,-0.2591139824444044,0.5294539959075668,-583.4296649904541
307,-1.3593088714358275,-0.24109157885537352,0.530987056576982,-567.7858068394855
308,-1.004396478675614,-0.23925516470204738,0.530493558044827,-683.5141702283593
309,-1.3749583042208269,-0.4649760647778493,0.5303423059448718,-961.5643361493519
310,-1.871594803325351,-1.0997729955729498,0.5301423092276221,-2103.4444313752297
311,-1.4224076058679889,-0.7316885952043395,0.530088341227197,-1753.1373766905915
312,-2.391122209655963,-1.421591061613244,0.5303256760401566,-2177.5017373268356
313,-0.5895225639375864,0.33357768314648767,0.5319593343151231,540.0002528646784
314,-1.8121290868347755,-0.7536619257749902,0.5301581782014305,-1411.1444483121918
315,-1.3805658431526235,-0.5998705272276686,0.5328532040794798,-1319.1528108094742
316,-0.16830988006342476,0.6177882210285811,0.5291322804711114,1221.8817941280995
317,-1.1013691655399769,-0.15943810723362417,0.5306954769540876,-444.84284207496114
318,-1.5669390327088641,-0.664801355106099,0.5282719450196958,-1324.0646571526013
319,-1.249592380770528,-0.577060630556735,0.53209440472567,-1217.474406367188
320,-3.390564603075452,-2.36589903087893,0.5334302545722944,-3571.2033802073884
321,0.31342131562220543,1.3719395124591371,0.529274115242271,2707.7291698103354
322,-2.2508306724271416,-1.4902121684612653,0.531824715897434,-2895.5450193135716
323,0.35267153434995013,1.2393029027660727,0.5314093958315785,2820.26628130972
324,-0.7466562692649565,0.23916605009828235,0.5314953922132574,349.30882020749044
325,-0.5808041201315168,0.43426200999609693,0.5296914549434724,680.1790933270132
326,-1.3195899047615398,-0.490365599674026,0.5301840678019674,-1127.116696858274
327,-2.191858865469921,-1.2454201960527007,0.5334016294612454,-2291.320496454937
328,-0.632872702774515,0.10286488464560399,0.5313471794918727,78.81874861519886
329,-0.5023452078635351,0.2971324920429119,0.5314120445547568,452.11868915663797
330,-0.0192489144834493,0.8616413993280027,0.5295824653672349,1734.7391624708844
331,-0.9040155754838215,-0.07408805796718626,0.5298400826499471,-319.96767497585233
332,-1.7634845823972556,-0.9665496493456501,0.5315773487460607,-1951.3909789200898
333,-0.9648867471928237,-0.14317355840285537,0.5308428215589823,-457.3814219014148
334,-0.2751574381835505,0.7611521222994206,0.5303583824135485,1401.7379608986962
335,-0.5594850911247694,0.12088966289144475,0.532296723649962,98.438942417119
336,-1.446137245519257,-0.8566349187656918,0.5297538564123981,-2179.1160866190985
337,1.2964031191561292,2.045131837575161,0.5311711600608444,5260.411396020131
338,-0.5586017465688035,0.29779719392495085,0.531128338836607,478.27150472422375
339,-0.2535654032033843,0.5329011805694395,0.5292465353222439,1081.1183877125716
340,-1.931530085332636,-1.0404230421274494,0.5325249620492787,-2035.0677694864453
341,0.012260119902176816,0.955619896614492,0.5307313006952408,1814.8481020874872
342,-0.8201677866641872,0.16327196482482478,0.5283928764762004,187.04478418896224
343,-1.7260475554588124,-0.9553724783224616,0.5314988515627745,-1855.9284052461041
344,-1.5248145408812592,-0.5722126390480965,0.5297857388194515,-1107.5497208207128
345,-0.6688751717597075,-0.020766754811586238,0.5307080040984539,-220.05473975309968
346,-1.7817107185234093,-0.845997406897461,0.5308182671204928,-1561.6944803346546
347,-1.0266349538872186,-0.2402515647705429,0.5295663707353326,-621.3340216492134
348,-2.214501224358562,-1.2339301337449147,0.5301570123575806,-2272.8432523736715
349,-1.6478447976965946,-0.6283530427807784,0.5309038339890092,-1198.877409111212
350,0.27071793663911986,0.8371263699479367,0.5298636737543757,2269.788665317428
351,-0.2329784872701769,0.6998938868220889,0.5298591865521115,1305.8242732855222
352,-0.5366361460316742,0.16663126321401064,0.5285611827541544,219.27098349007454
353,-0.9826050654140817,-0.25314418853558635,0.5309399625908869,-723.0876092476027
354,-0.3437075634331256,0.4956158062175784,0.530956111875253,1011.5263766798863
355,-1.4185436558334152,-0.2583455163089646,0.5317704018160981,-512.8213036914599
356,-1.4042445658362128,-0.22044299139521084,0.5324747333664815,-510.28080299979786
357,0.04549877220077237,0.9335909664702434,0.5292521063561445,1793.983079587674
358,-2.1180214360802805,-1.141465842028008,0.5300959391721665,-2008.6023132472917
359,-1.9675253514260482,-1.1541518806834956,0.531603030700442,-2174.368788278817
360,-1.1930358376955867,-0.07215079699166735,0.5299582126252427,-233.41760151074803
361,-0.5301507465150969,0.2917190171236165,0.5305272213319169,431.4213557813868
362,-0.9604439929972993,-0.22273851870932357,0.5291244130670254,-658.7488479530286
363,-0.18376899965135085,0.23639826119455962,0.5312796043913636,482.8472582901397
364,0.0881319329468091,0.867972660211971,0.5294181879408686,1745.5061022128762
365,-2.3596157319600755,-1.605738251150583,0.531947830391782,-3058.624116233862
366,-1.3600773015536212,-0.6342612388670372,0.5324942361605854,-1635.4350949029515
367,-0.9123290178495702,-0.02919859136691225,0.531263572386945,-185.16041604021015
368,-2.3194319115554425,-1.401171177320384,0.5324833497707658,-2471.5079992920128
369,0.18352466475043885,1.0841791414514554,0.5319348920071472,2369.5340876604296
370,-0.814335367071942,-0.03877682570813961,0.529588126796406,-245.47693530688798
371,-1.5699418357904982,-0.7315582235583433,0.5314128196569555,-1619.1234172634515
372,-2.0000251297843104,-1.510177801150466,0.5307560005603645,-3829.175287291777
373,0.5106410112708083,1.1776135554453238,0.5322855045383567,2805.1748957876625
374,-2.201472666087201,-1.3479113594121377,0.5327417439990645,-2539.08894210355
375,-0.9959307211600001,-0.1319259252782037,0.5301191003466109,-398.36581216290256
376,-0.9157548117964824,-0.021204813331872772,0.5296267255561503,-179.37266810189334
377,-0.9263195300928018,-0.06111236367182361,0.5310547991768212,-252.4530328544548
378,-0.49704180376100104,0.4615117787460278,0.5325334800593816,812.6987573509863
379,-1.2797991124559756,-0.525372643762395,0.5320704326127791,-1503.4667705420293
380,-2.540389368230301,-1.5328835274499977,0.5295474088871945,-2475.1063120410413
381,-2.2304650339021594,-1.3794167463280211,0.5300841742394605,-2494.9050266929357
382,-0.6268327338062587,0.17237026670093897,0.5311272172150929,218.02406654055642
383,-1.2191885511527558,-0.5375308174501624,0.5322064215955219,-1356.1969180806877
384,-0.41906413926912467,0.34298461863478913,0.5318606022671024,574.5671220855489
385,-1.1638057650905729,-0.2778779578086269,0.529364924799542,-660.4277176829798
386,-1.318328682091732,-0.20479177313132815,0.5315300546640966,-466.19938968137933
387,-0.7772415309155326,0.20726288170264015,0.5311355040460428,278.5057997892542
388,-2.2361036912961993,-1.478519751406921,0.5313963662709335,-2930.680216716767
389,0.2155323149162845,1.207164254983433,0.5307506277389267,2701.6148615286543
390,-1.278362477728306,-0.6503789501293017,0.5310289190132258,-1636.6573536046346
391,-0.4045603659719737,0.5333525007985789,0.5306075844748129,999.4763290072202
392,-1.3772602128688354,-0.5448726173887879,0.5315528831066714,-1102.93558860507
393,-0.15648231992070102,0.6959138694012696,0.5312924121963724,1364.715514752558
394,-0.5091877919990686,0.0540270565920104,0.5294646004703958,-75.32329263307969
395,-1.3419473981852357,-0.46942301564288724,0.5299058653288102,-892.1421896779971
396,-0.24263952011169398,0.5708418887751696,0.5313158728905228,1075.0211071613626
397,-0.3633168632347653,0.7647431413636375,0.530285449583012,1268.5438177165884
398,-2.102585483926652,-1.3772424685936562,0.5305470265886888,-2964.868081577379
399,-1.2527553375551335,-0.3355181745380853,0.5312551639404499,-736.1725510413243
