entry_time,exit_time,side,quantity,entry,exit,net_pnl,reason,flip_time,flip_price
2022-03-27 21:00:00+00:00,2022-03-27 22:00:00+00:00,1,0.215,46136.436779999996,46830.44665,139.21818208127536,new_ath,,
2022-03-28 14:00:00+00:00,2022-03-28 15:00:00+00:00,1,0.189,47735.21627,47743.87254,-7.386738862545095,new_ath,,
2022-03-28 19:00:00+00:00,2022-04-18 04:00:00+00:00,1,0.181,47985.59136,38937.572202193354,-1655.8774091512935,stop,2022-04-12 08:00:00+00:00,40173.5
2022-04-18 05:00:00+00:00,2022-04-18 13:00:00+00:00,-1,0.20400000000000001,38818.85085,39609.93454261842,-169.3949357873837,stop,2022-04-12 08:00:00+00:00,40173.5
2022-04-25 08:00:00+00:00,2022-04-25 13:00:00+00:00,-1,0.179,38433.96635,39320.22298178919,-165.59893703546024,stop,2022-04-12 08:00:00+00:00,40173.5
2022-05-01 00:00:00+00:00,2022-05-01 15:00:00+00:00,-1,0.192,37619.21085,38427.19317229792,-162.46817786563813,stop,2022-04-12 08:00:00+00:00,40173.5
2022-05-05 16:00:00+00:00,2022-05-09 02:00:00+00:00,-1,0.14200000000000002,36888.93,33684.8154485683,451.31680544737327,target,2022-04-12 08:00:00+00:00,40173.5
2022-05-09 03:00:00+00:00,2022-05-09 23:00:00+00:00,-1,0.149,33504.74556,30263.07625559032,480.092505046916,target,2022-04-12 08:00:00+00:00,40173.5
2022-05-10 00:00:00+00:00,2022-05-10 05:00:00+00:00,-1,0.1,30067.9769,31820.19749005407,-178.31646772490956,stop,2022-04-12 08:00:00+00:00,40173.5
2022-05-11 13:00:00+00:00,2022-05-11 14:00:00+00:00,-1,0.075,29313.303369999998,31582.66201994615,-172.4854974480844,stop,2022-04-12 08:00:00+00:00,40173.5
2022-05-11 21:00:00+00:00,2022-05-15 20:00:00+00:00,-1,0.063,28471.15609,31140.030488817192,-173.980568621106,stop,2022-04-12 08:00:00+00:00,40173.5
2022-06-12 03:00:00+00:00,2022-06-12 15:00:00+00:00,-1,0.17400000000000002,27409.67463,28344.65531564036,-166.97950674025554,stop,2022-04-12 08:00:00+00:00,40173.5
2022-06-13 00:00:00+00:00,2022-06-13 13:00:00+00:00,-1,0.153,26574.32531,23464.819894021763,472.0161531672489,target,2022-04-12 08:00:00+00:00,40173.5
2022-06-13 15:00:00+00:00,2022-06-18 20:00:00+00:00,-1,0.105,22798.25847,17968.719749226937,503.691316555906,target,2022-04-12 08:00:00+00:00,40173.5
2022-06-18 21:00:00+00:00,2022-06-18 22:00:00+00:00,-1,0.161,17806.55643,18927.358272922767,-183.40617684415074,stop,2022-04-12 08:00:00+00:00,40173.5
2022-08-11 13:00:00+00:00,2022-08-26 16:00:00+00:00,1,0.254,24864.75719,20608.481697196756,-1083.9696553343101,stop,2022-08-19 20:00:00+00:00,21277.5
2022-08-27 00:00:00+00:00,2022-09-07 18:00:00+00:00,-1,0.255,20230.429050000002,19163.989221827494,265.79921714827015,stop,2022-08-19 20:00:00+00:00,21277.5
2022-09-19 06:00:00+00:00,2022-09-19 13:00:00+00:00,-1,0.292,18453.06242,18994.483009838772,-163.12059753284527,stop,2022-08-19 20:00:00+00:00,21277.5
2022-11-04 15:00:00+00:00,2022-11-09 21:00:00+00:00,1,0.359,21224.965579999996,15894.074343013399,-1923.6303219238314,stop,2022-11-09 16:00:00+00:00,17086.1
2022-11-09 22:00:00+00:00,2022-11-10 13:00:00+00:00,-1,0.091,15716.68358,17033.013950878027,-123.86290281444188,stop,2022-11-09 16:00:00+00:00,17086.1
2023-01-12 18:00:00+00:00,2023-01-14 09:00:00+00:00,1,0.263,18852.554070000002,20533.13821,437.41072229058193,trail_exit,,
2023-01-20 21:00:00+00:00,2023-01-22 11:00:00+00:00,1,0.23500000000000001,22295.6867,22780.26387,107.904683137598,trail_exit,,
2023-01-25 22:00:00+00:00,2023-02-16 21:00:00+00:00,1,0.209,23606.97997,24536.13695,167.71220468728401,trail_exit,,
2023-03-09 19:00:00+00:00,2023-03-10 10:00:00+00:00,-1,0.28500000000000003,21006.49616,19687.60629266713,370.10131075337296,target,,
2023-03-10 11:00:00+00:00,2023-03-10 13:00:00+00:00,-1,0.224,19619.31244,20229.43200596457,-141.1298421540111,stop,,
2023-03-17 11:00:00+00:00,2023-03-22 18:00:00+00:00,1,0.138,26704.40892,28017.79214,178.84060801197677,trail_exit,,
2023-03-30 03:00:00+00:00,2023-04-12 02:00:00+00:00,1,0.181,28978.99109,29906.92523,160.08782633585363,trail_exit,,
2023-04-14 01:00:00+00:00,2023-05-29 00:00:00+00:00,1,0.23600000000000002,30765.2268,28352.796987312,-603.8539733475308,target,2023-05-12 08:00:00+00:00,26288.4
2023-06-14 21:00:00+00:00,2023-06-15 19:00:00+00:00,-1,0.252,24929.61887,25432.623188551977,-133.57840024876515,stop,2023-05-12 08:00:00+00:00,26288.4
2023-06-21 16:00:00+00:00,2023-06-24 00:00:00+00:00,1,0.157,29866.757339999996,30484.8518,89.62183672000775,trail_exit,,
2023-07-13 20:00:00+00:00,2023-08-02 01:00:00+00:00,1,0.20600000000000002,31630.4863,29868.57655088061,-381.62073638851774,target,2023-08-01 04:00:00+00:00,28870.3
2023-08-17 16:00:00+00:00,2023-08-17 21:00:00+00:00,-1,0.223,27919.721569999998,26747.101411251864,255.39894463842424,target,2023-08-01 04:00:00+00:00,28870.3
2023-08-17 22:00:00+00:00,2023-08-29 14:00:00+00:00,-1,0.138,26176.84459,27090.216407099993,-130.94290590912544,stop,2023-08-01 04:00:00+00:00,28870.3
2023-10-02 14:00:00+00:00,2023-10-16 05:00:00+00:00,1,0.222,28576.67043,27745.785216731503,-193.0590867237432,target,2023-10-14 12:00:00+00:00,26899.4
2023-10-23 04:00:00+00:00,2023-10-23 22:00:00+00:00,1,0.195,30747.62152,33368.786360000006,504.27109179578804,trail_exit,,
2023-10-23 23:00:00+00:00,2023-11-09 15:00:00+00:00,1,0.095,33388.81364,37118.96097,332.5689217099978,trail_exit,,
2023-12-01 10:00:00+00:00,2023-12-03 12:00:00+00:00,1,0.18,38723.21348,39394.478110000004,110.88134582193045,trail_exit,,
2023-12-03 23:00:00+00:00,2023-12-05 07:00:00+00:00,1,0.177,40098.32589,41517.44103,239.49253372170202,trail_exit,,
2023-12-05 17:00:00+00:00,2023-12-07 08:00:00+00:00,1,0.152,42726.8142,43582.82123,118.41811757857603,trail_exit,,
2024-01-02 01:00:00+00:00,2024-01-09 21:00:00+00:00,1,0.154,45174.648329999996,48180.74144,438.73789116394806,new_ath,,
2024-01-11 15:00:00+00:00,2024-01-22 18:00:00+00:00,1,0.08,48588.072049999995,40321.489711820264,-674.4355447316563,stop,2024-01-22 08:00:00+00:00,40967.4
2024-01-23 10:00:00+00:00,2024-01-24 00:00:00+00:00,-1,0.128,38955.90972,40044.598389260835,-143.5519282655862,stop,2024-01-22 08:00:00+00:00,40967.4
2024-02-11 04:00:00+00:00,2024-02-12 15:00:00+00:00,1,0.14200000000000002,48554.562,48985.3,49.4347111169319,new_ath,,
2024-02-12 16:00:00+00:00,2024-02-12 17:00:00+00:00,1,0.129,49953.78164,49969.0048,-4.4812320853798235,new_ath,,
2024-02-14 09:00:00+00:00,2024-02-14 11:00:00+00:00,1,0.115,50806.73745,51703.68424,97.25453160282521,new_ath,,
2024-02-14 15:00:00+00:00,2024-02-15 00:00:00+00:00,1,0.106,51953.68143,52083.47027,5.563667794500623,new_ath,,
2024-02-15 01:00:00+00:00,2024-02-15 14:00:00+00:00,1,0.109,52350.50044,52549.53041000001,15.306731338603988,new_ath,,
2024-02-15 15:00:00+00:00,2024-02-20 13:00:00+00:00,1,0.109,52632.18492,52865.43561000001,4.784059286163071,new_ath,,
2024-02-26 17:00:00+00:00,2024-02-26 19:00:00+00:00,1,0.135,53428.823840000005,53641.9026,21.538358565299554,new_ath,,
2024-02-26 20:00:00+00:00,2024-02-27 01:00:00+00:00,1,0.133,54540.057109999994,54948.41053,44.07823184858518,new_ath,,
2024-02-27 02:00:00+00:00,2024-02-27 19:00:00+00:00,1,0.121,55842.24765,57624.10758,201.1200143711405,new_ath,,
2024-02-28 08:00:00+00:00,2024-02-28 13:00:00+00:00,1,0.097,58279.27854,59532.135,115.81322306331026,new_ath,,
2024-02-28 14:00:00+00:00,2024-02-28 15:00:00+00:00,1,0.081,60530.1536,61259.41666,54.13783026447039,new_ath,,
2024-02-28 17:00:00+00:00,2024-03-04 08:00:00+00:00,1,0.07100000000000001,62532.85423,64460.955910000004,94.2405851654473,new_ath,,
2024-03-04 09:00:00+00:00,2024-03-04 14:00:00+00:00,1,0.09,65346.99822,65673.79195,23.515500142349783,new_ath,,
2024-03-04 15:00:00+00:00,2024-03-04 16:00:00+00:00,1,0.081,66192.05166,66629.0053,26.263610109767917,new_ath,,
2024-03-04 18:00:00+00:00,2024-03-04 20:00:00+00:00,1,0.075,66925.67168,67601.41349,45.63587005612551,new_ath,,
2024-03-04 23:00:00+00:00,2024-03-05 01:00:00+00:00,1,0.07100000000000001,67992.3916,68578.4203,33.63571046713824,new_ath,,
2024-03-11 08:00:00+00:00,2024-03-11 09:00:00+00:00,1,0.082,71229.3624,71867.23336,46.43845829384002,new_ath,,
2024-03-11 10:00:00+00:00,2024-03-11 11:00:00+00:00,1,0.081,71910.46667,71957.30632999999,-2.0326323465001765,new_ath,,
2024-03-13 09:00:00+00:00,2024-03-14 04:00:00+00:00,1,0.074,73490.24046,73649.8984,3.6847225657426392,new_ath,,
2024-04-30 20:00:00+00:00,2024-04-30 22:00:00+00:00,-1,0.085,59286.30877,61087.011682403725,-158.1756136735435,stop,,
2024-05-01 08:00:00+00:00,2024-05-01 18:00:00+00:00,-1,0.075,57466.554860000004,59481.6576635507,-155.6910946490274,stop,,
2024-05-20 17:00:00+00:00,2024-05-21 14:00:00+00:00,1,0.112,68215.4585,70206.43175,209.59822895319277,trail_exit,,
2024-06-21 09:00:00+00:00,2024-06-24 16:00:00+00:00,-1,0.123,63619.40845,60262.85646663224,407.3104769339195,target,,
2024-06-24 17:00:00+00:00,2024-06-25 03:00:00+00:00,-1,0.117,60154.14834,61504.022920131,-165.17976241424142,stop,,
2024-07-04 09:00:00+00:00,2024-07-05 15:00:00+00:00,-1,0.095,57679.49096,56148.83794254392,140.03121765641524,stop,,
2024-07-19 18:00:00+00:00,2024-07-29 14:00:00+00:00,1,0.1,66784.92946999999,68215.62917000001,122.63322072738355,trail_exit,,
2024-08-05 07:00:00+00:00,2024-08-05 15:00:00+00:00,-1,0.051000000000000004,51568.5248,54755.38576907582,-165.43051404179928,stop,,
2024-09-06 16:00:00+00:00,2024-09-09 13:00:00+00:00,-1,0.09,54024.38782,55782.44808796764,-164.44492331116822,stop,,
2024-09-27 15:00:00+00:00,2024-10-19 11:00:00+00:00,1,0.11900000000000001,66264.97353,68070.37276,175.18709914645052,trail_exit,,
2024-10-20 23:00:00+00:00,2024-10-30 03:00:00+00:00,1,0.11800000000000001,69170.44490999999,72250.01849,338.26251252571103,trail_exit,,
2024-11-06 04:00:00+00:00,2024-11-06 06:00:00+00:00,1,0.068,74400.21337,75400.77298,62.94481994409978,new_ath,,
2024-11-06 20:00:00+00:00,2024-11-07 17:00:00+00:00,1,0.066,75852.94906,76399.07340000001,27.568299819621874,new_ath,,
2024-11-07 19:00:00+00:00,2024-11-07 20:00:00+00:00,1,0.082,76612.977,76726.975,3.0608979680005635,new_ath,,
2024-11-10 05:00:00+00:00,2024-11-10 11:00:00+00:00,1,0.106,79302.7837,79897.0237,50.231604595829474,new_ath,,
2024-11-10 18:00:00+00:00,2024-11-10 22:00:00+00:00,1,0.097,80428.02116999999,81125.655,59.835128215755596,new_ath,,
2024-11-11 11:00:00+00:00,2024-11-11 12:00:00+00:00,1,0.077,82023.79976,82390.07556000001,21.87330240018136,new_ath,,
2024-11-11 16:00:00+00:00,2024-11-11 18:00:00+00:00,1,0.07100000000000001,84122.52919,84953.10642000001,52.968798265845706,new_ath,,
2024-11-11 19:00:00+00:00,2024-11-11 20:00:00+00:00,1,0.067,85933.97245999999,87061.37375,69.74054233196561,new_ath,,
2024-11-11 22:00:00+00:00,2024-11-11 23:00:00+00:00,1,0.062,88004.49343,88420.96575,20.352094605420046,new_ath,,
2024-11-12 00:00:00+00:00,2024-11-12 06:00:00+00:00,1,0.058,88726.71003,89773.06,55.51180492912975,new_ath,,
2024-11-13 15:00:00+00:00,2024-11-13 16:00:00+00:00,1,0.047,91563.4608,92707.97926000001,48.477238654820994,new_ath,,
2024-11-19 19:00:00+00:00,2024-11-20 13:00:00+00:00,1,0.067,93689.99857,93920.8153,7.522250882123881,new_ath,,
2024-11-20 14:00:00+00:00,2024-11-20 15:00:00+00:00,1,0.075,94418.91718,94771.56,19.353568605749523,new_ath,,
2024-11-21 04:00:00+00:00,2024-11-21 05:00:00+00:00,1,0.07100000000000001,95828.84003,97715.6765,127.09455903318462,new_ath,,
2024-11-21 12:00:00+00:00,2024-11-21 18:00:00+00:00,1,0.07200000000000001,98029.29997,98413.36713,18.369387745274967,new_ath,,
2024-12-05 03:00:00+00:00,2024-12-15 23:00:00+00:00,1,0.062,101530.34997,104515.63590000001,153.27178235447906,new_ath,,
2024-12-16 01:00:00+00:00,2024-12-16 16:00:00+00:00,1,0.08700000000000001,105509.94349,106652.19474,88.054687802577,new_ath,,
2024-12-16 17:00:00+00:00,2024-12-16 18:00:00+00:00,1,0.077,106860.14843,107205.72863,18.368139133189743,new_ath,,
2024-12-17 15:00:00+00:00,2025-01-20 06:00:00+00:00,1,0.082,108286.77629,108384.37492999999,-36.13265776182184,new_ath,,
2025-01-20 07:00:00+00:00,2025-02-24 22:00:00+00:00,1,0.042,107618.57589,93075.56735435844,-632.7981894193185,stop,2025-02-07 20:00:00+00:00,95752.5
2025-02-25 08:00:00+00:00,2025-02-28 01:00:00+00:00,-1,0.07,89283.30697,82204.46596098699,492.14856599236424,target,2025-02-07 20:00:00+00:00,95752.5
2025-02-28 02:00:00+00:00,2025-02-28 18:00:00+00:00,-1,0.054,81641.60017,84982.93341523565,-184.46563393631106,stop,2025-02-07 20:00:00+00:00,95752.5
2025-03-10 19:00:00+00:00,2025-03-11 08:00:00+00:00,-1,0.051000000000000004,77638.7014,81073.9984937533,-179.06407600142364,stop,2025-02-07 20:00:00+00:00,95752.5
2025-04-07 07:00:00+00:00,2025-04-07 10:00:00+00:00,-1,0.066,74799.5534,77391.51349815338,-175.89838310416113,stop,2025-02-07 20:00:00+00:00,95752.5
2025-04-22 13:00:00+00:00,2025-04-24 03:00:00+00:00,1,0.098,89012.6958,92631.50221,344.3259749024676,trail_exit,,
2025-04-25 15:00:00+00:00,2025-05-12 11:00:00+00:00,1,0.091,95361.5999,103683.78553,732.717229191734,trail_exit,,
2025-05-19 00:00:00+00:00,2025-05-21 23:00:00+00:00,1,0.092,106466.9305,109965.90033,306.6740218042064,new_ath,,
2025-05-22 04:00:00+00:00,2025-05-22 17:00:00+00:00,1,0.061,111775.02244999999,111839.73801,-4.2284760940293005,new_ath,,
2025-07-09 20:00:00+00:00,2025-07-10 16:00:00+00:00,1,0.09,111744.41326999999,111990.09289,11.168540472764263,new_ath,,
2025-07-10 17:00:00+00:00,2025-07-10 21:00:00+00:00,1,0.089,112643.783,113739.46792000001,87.44190321406126,new_ath,,
2025-07-10 22:00:00+00:00,2025-07-11 05:00:00+00:00,1,0.08700000000000001,116494.63790999999,117731.46996,96.40641355765604,new_ath,,
2025-07-11 06:00:00+00:00,2025-07-11 09:00:00+00:00,1,0.08700000000000001,117865.24896999999,118384.474,33.8730679408064,new_ath,,
2025-07-11 10:00:00+00:00,2025-07-13 14:00:00+00:00,1,0.08700000000000001,118497.63863,118844.33600000001,13.826699172586954,new_ath,,
2025-07-14 03:00:00+00:00,2025-07-14 05:00:00+00:00,1,0.08600000000000001,119690.79646999999,121750.66384000001,166.76661102667188,new_ath,,
2025-07-14 06:00:00+00:00,2025-07-14 07:00:00+00:00,1,0.085,122504.7404,122699.27917000001,6.11462461827617,new_ath,,
2025-07-14 08:00:00+00:00,2025-08-13 22:00:00+00:00,1,0.085,122812.73276999999,123256.31201000001,-60.39356324099058,new_ath,,
2025-08-14 01:00:00+00:00,2025-08-25 13:00:00+00:00,1,0.084,123950.47399,110763.45984539493,-1145.7279985939945,stop,2025-08-25 04:00:00+00:00,112736.1
2025-08-25 21:00:00+00:00,2025-08-26 22:00:00+00:00,-1,0.076,109488.34364,111830.99891246858,-184.22818867122604,stop,2025-08-25 04:00:00+00:00,112736.1
2025-08-29 15:00:00+00:00,2025-09-02 02:00:00+00:00,-1,0.082,108132.45053,110254.52855435465,-175.48141736836612,stop,2025-08-25 04:00:00+00:00,112736.1
2025-09-18 04:00:00+00:00,2025-09-25 17:00:00+00:00,1,0.076,117582.16406999998,109559.67764992187,-623.1840848392628,stop,2025-09-25 12:00:00+00:00,111080.5
2025-10-02 14:00:00+00:00,2025-10-04 01:00:00+00:00,1,0.069,119615.874,121793.25106000001,138.70951914749276,trail_exit,,
2025-10-05 03:00:00+00:00,2025-10-05 04:00:00+00:00,1,0.068,124047.203,124552.623,25.916165916000878,new_ath,,
2025-10-05 05:00:00+00:00,2025-10-06 17:00:00+00:00,1,0.067,125187.04484999999,125762.26000000001,26.585476698068987,new_ath,,
2025-10-06 19:00:00+00:00,2025-10-15 17:00:00+00:00,1,0.067,126017.794,110140.32274511136,-1080.1966120466554,stop,2025-10-15 00:00:00+00:00,112940.2
2025-11-04 18:00:00+00:00,2025-11-05 16:00:00+00:00,-1,0.049,101044.27762000001,103945.02791907854,-146.18595138466915,stop,2025-10-15 00:00:00+00:00,112940.2
2025-11-13 19:00:00+00:00,2025-11-18 03:00:00+00:00,-1,0.051000000000000004,98510.53797,90380.93200118319,412.8238207491735,target,2025-10-15 00:00:00+00:00,112940.2
2025-11-20 17:00:00+00:00,2025-11-23 01:00:00+00:00,-1,0.053,87802.75127000001,85654.48331759083,109.95528012707722,stop,2025-10-15 00:00:00+00:00,112940.2
2026-01-14 17:00:00+00:00,2026-01-25 16:00:00+00:00,1,0.077,97264.37056,87780.21059713166,-745.5382555083622,stop,2026-01-22 04:00:00+00:00,89951.9
2026-01-25 20:00:00+00:00,2026-01-26 01:00:00+00:00,-1,0.081,86438.96053,87686.56577832607,-107.7255334046279,stop,2026-01-22 04:00:00+00:00,89951.9
2026-01-29 16:00:00+00:00,2026-01-31 17:00:00+00:00,-1,0.07200000000000001,84876.02955,79448.00114507343,385.6186303727253,target,2026-01-22 04:00:00+00:00,89951.9
2026-01-31 18:00:00+00:00,2026-02-03 20:00:00+00:00,-1,0.057,78826.345,75922.88547141703,161.40513936822802,stop,2026-01-22 04:00:00+00:00,89951.9
2026-02-04 18:00:00+00:00,2026-02-05 20:00:00+00:00,-1,0.051000000000000004,72527.13532999999,64070.188714068034,428.27911306966945,target,2026-01-22 04:00:00+00:00,89951.9
2026-02-05 21:00:00+00:00,2026-02-06 13:00:00+00:00,-1,0.04,63730.275180000004,67611.20369271627,-157.63020959171104,stop,2026-01-22 04:00:00+00:00,89951.9
2026-04-17 14:00:00+00:00,2026-05-06 18:00:00+00:00,1,0.088,77323.08996999999,81280.80844,348.04607226747754,trail_exit,,
2026-05-28 04:00:00+00:00,2026-06-02 12:00:00+00:00,-1,0.111,73206.0316,69229.64558861723,440.30380045790014,target,,
2026-06-02 13:00:00+00:00,2026-06-03 20:00:00+00:00,-1,0.121,68969.90282,65022.965792769755,472.0116452301578,target,,
2026-06-03 21:00:00+00:00,2026-06-05 18:00:00+00:00,-1,0.095,64950.90888,59530.44768824869,509.8298855417642,target,,
2026-06-05 19:00:00+00:00,2026-06-07 06:00:00+00:00,-1,0.064,59344.69125,62244.77155793745,-189.7549510973008,stop,,
2026-06-25 14:00:00+00:00,2026-06-25 16:00:00+00:00,-1,0.10300000000000001,58241.022450000004,59991.442609634796,-186.59334211889941,stop,,
2026-08-20 09:00:00+00:00,2026-08-21 11:00:00+00:00,1,0.10400000000000001,71571.465,76736.67209,528.2975243083079,trail_exit,,
