time,equity
2022-02-06 00:00:00+00:00,10000.0
2022-02-07 00:00:00+00:00,10000.0
2022-02-08 00:00:00+00:00,10000.0
2022-02-09 00:00:00+00:00,10000.0
2022-02-10 00:00:00+00:00,10000.0
2022-02-11 00:00:00+00:00,10000.0
2022-02-12 00:00:00+00:00,10000.0
2022-02-13 00:00:00+00:00,10000.0
2022-02-14 00:00:00+00:00,10000.0
2022-02-15 00:00:00+00:00,10000.0
2022-02-16 00:00:00+00:00,10000.0
2022-02-17 00:00:00+00:00,10000.0
2022-02-18 00:00:00+00:00,10000.0
2022-02-19 00:00:00+00:00,10000.0
2022-02-20 00:00:00+00:00,10000.0
2022-02-21 00:00:00+00:00,10000.0
2022-02-22 00:00:00+00:00,10000.0
2022-02-23 00:00:00+00:00,10000.0
2022-02-24 00:00:00+00:00,10000.0
2022-02-25 00:00:00+00:00,10000.0
2022-02-26 00:00:00+00:00,10000.0
2022-02-27 00:00:00+00:00,10000.0
2022-02-28 00:00:00+00:00,10000.0
2022-03-01 00:00:00+00:00,10000.0
2022-03-02 00:00:00+00:00,10000.0
2022-03-03 00:00:00+00:00,10000.0
2022-03-04 00:00:00+00:00,10000.0
2022-03-05 00:00:00+00:00,10000.0
2022-03-06 00:00:00+00:00,10000.0
2022-03-07 00:00:00+00:00,10000.0
2022-03-08 00:00:00+00:00,10000.0
2022-03-09 00:00:00+00:00,10000.0
2022-03-10 00:00:00+00:00,10000.0
2022-03-11 00:00:00+00:00,10000.0
2022-03-12 00:00:00+00:00,10000.0
2022-03-13 00:00:00+00:00,10000.0
2022-03-14 00:00:00+00:00,10000.0
2022-03-15 00:00:00+00:00,10000.0
2022-03-16 00:00:00+00:00,10000.0
2022-03-17 00:00:00+00:00,10000.0
2022-03-18 00:00:00+00:00,10000.0
2022-03-19 00:00:00+00:00,10000.0
2022-03-20 00:00:00+00:00,10000.0
2022-03-21 00:00:00+00:00,10000.0
2022-03-22 00:00:00+00:00,10000.0
2022-03-23 00:00:00+00:00,10000.0
2022-03-24 00:00:00+00:00,10000.0
2022-03-25 00:00:00+00:00,10000.0
2022-03-26 00:00:00+00:00,10000.0
2022-03-27 00:00:00+00:00,10000.0
2022-03-28 00:00:00+00:00,10000.0
2022-03-29 00:00:00+00:00,10000.0
2022-03-30 00:00:00+00:00,10000.0
2022-03-31 00:00:00+00:00,10000.0
2022-04-01 00:00:00+00:00,10000.0
2022-04-02 00:00:00+00:00,10000.0
2022-04-03 00:00:00+00:00,10000.0
2022-04-04 00:00:00+00:00,10000.0
2022-04-05 00:00:00+00:00,10000.0
2022-04-06 00:00:00+00:00,10000.0
2022-04-07 00:00:00+00:00,10000.0
2022-04-08 00:00:00+00:00,10000.0
2022-04-09 00:00:00+00:00,10000.0
2022-04-10 00:00:00+00:00,10000.0
2022-04-11 00:00:00+00:00,10000.0
2022-04-12 00:00:00+00:00,10000.0
2022-04-13 00:00:00+00:00,10000.0
2022-04-14 00:00:00+00:00,10000.0
2022-04-15 00:00:00+00:00,10000.0
2022-04-16 00:00:00+00:00,10000.0
2022-04-17 00:00:00+00:00,10000.0
2022-04-18 00:00:00+00:00,10000.0
2022-04-19 00:00:00+00:00,10000.0
2022-04-20 00:00:00+00:00,10000.0
2022-04-21 00:00:00+00:00,10000.0
2022-04-22 00:00:00+00:00,10000.0
2022-04-23 00:00:00+00:00,10000.0
2022-04-24 00:00:00+00:00,10000.0
2022-04-25 00:00:00+00:00,10000.0
2022-04-26 00:00:00+00:00,10000.0
2022-04-27 00:00:00+00:00,10000.0
2022-04-28 00:00:00+00:00,9970.80411276
2022-04-29 00:00:00+00:00,9957.1802678916
2022-04-30 00:00:00+00:00,9987.581825314199
2022-05-01 00:00:00+00:00,10012.49296670445
2022-05-02 00:00:00+00:00,9991.139193944964
2022-05-03 00:00:00+00:00,9989.216433052963
2022-05-04 00:00:00+00:00,10010.647131952963
2022-05-05 00:00:00+00:00,9959.619192224483
2022-05-06 00:00:00+00:00,10041.810528204483
2022-05-07 00:00:00+00:00,10055.69247527077
2022-05-08 00:00:00+00:00,10069.449533156145
2022-05-09 00:00:00+00:00,10106.911640447766
2022-05-10 00:00:00+00:00,10210.537490827766
2022-05-11 00:00:00+00:00,10186.188927627767
2022-05-12 00:00:00+00:00,10236.39005005759
2022-05-13 00:00:00+00:00,10237.223659134304
2022-05-14 00:00:00+00:00,10230.617330031007
2022-05-15 00:00:00+00:00,10209.902668791008
2022-05-16 00:00:00+00:00,10177.756909370819
2022-05-17 00:00:00+00:00,10215.851131458532
2022-05-18 00:00:00+00:00,10201.132006328211
2022-05-19 00:00:00+00:00,10246.200726234292
2022-05-20 00:00:00+00:00,10204.19405379898
2022-05-21 00:00:00+00:00,10233.836549018979
2022-05-22 00:00:00+00:00,10227.637074430893
2022-05-23 00:00:00+00:00,10205.436989486921
2022-05-24 00:00:00+00:00,10236.517004686923
2022-05-25 00:00:00+00:00,10222.259770200153
2022-05-26 00:00:00+00:00,10225.208668515374
2022-05-27 00:00:00+00:00,10234.258920322827
2022-05-28 00:00:00+00:00,10234.334824722826
2022-05-29 00:00:00+00:00,10234.334824722826
2022-05-30 00:00:00+00:00,10234.334824722826
2022-05-31 00:00:00+00:00,10234.334824722826
2022-06-01 00:00:00+00:00,10234.334824722826
2022-06-02 00:00:00+00:00,10234.334824722826
2022-06-03 00:00:00+00:00,10234.334824722826
2022-06-04 00:00:00+00:00,10234.334824722826
2022-06-05 00:00:00+00:00,10234.334824722826
2022-06-06 00:00:00+00:00,10234.334824722826
2022-06-07 00:00:00+00:00,10234.334824722826
2022-06-08 00:00:00+00:00,10234.334824722826
2022-06-09 00:00:00+00:00,10234.334824722826
2022-06-10 00:00:00+00:00,10234.334824722826
2022-06-11 00:00:00+00:00,10234.334824722826
2022-06-12 00:00:00+00:00,10234.334824722826
2022-06-13 00:00:00+00:00,10234.334824722826
2022-06-14 00:00:00+00:00,10361.059323582826
2022-06-15 00:00:00+00:00,10371.794555680735
2022-06-16 00:00:00+00:00,10357.937291897366
2022-06-17 00:00:00+00:00,10425.485999930066
2022-06-18 00:00:00+00:00,10423.277286188162
2022-06-19 00:00:00+00:00,10469.811698157715
2022-06-20 00:00:00+00:00,10420.112888138676
2022-06-21 00:00:00+00:00,10419.970870584006
2022-06-22 00:00:00+00:00,10415.646242600507
2022-06-23 00:00:00+00:00,10438.424407405422
2022-06-24 00:00:00+00:00,10403.697592012797
2022-06-25 00:00:00+00:00,10399.695069848472
2022-06-26 00:00:00+00:00,10392.072253850785
2022-06-27 00:00:00+00:00,10406.246696762026
2022-06-28 00:00:00+00:00,10415.632586273581
2022-06-29 00:00:00+00:00,10429.89894508038
2022-06-30 00:00:00+00:00,10434.930751665455
2022-07-01 00:00:00+00:00,10440.58001916019
2022-07-02 00:00:00+00:00,10460.691651679947
2022-07-03 00:00:00+00:00,10461.682188045947
2022-07-04 00:00:00+00:00,10459.760237521947
2022-07-05 00:00:00+00:00,10431.306335418147
2022-07-06 00:00:00+00:00,10433.157564746029
2022-07-07 00:00:00+00:00,10421.427873482693
2022-07-08 00:00:00+00:00,10388.75061440644
2022-07-09 00:00:00+00:00,10389.67654481138
2022-07-10 00:00:00+00:00,10390.096399466554
2022-07-11 00:00:00+00:00,10412.809039254154
2022-07-12 00:00:00+00:00,10440.824636459316
2022-07-13 00:00:00+00:00,10460.503832761116
2022-07-14 00:00:00+00:00,10460.37321865242
2022-07-15 00:00:00+00:00,10460.37321865242
2022-07-16 00:00:00+00:00,10460.37321865242
2022-07-17 00:00:00+00:00,10460.37321865242
2022-07-18 00:00:00+00:00,10460.37321865242
2022-07-19 00:00:00+00:00,10460.37321865242
2022-07-20 00:00:00+00:00,10460.37321865242
2022-07-21 00:00:00+00:00,10460.37321865242
2022-07-22 00:00:00+00:00,10460.37321865242
2022-07-23 00:00:00+00:00,10460.37321865242
2022-07-24 00:00:00+00:00,10460.37321865242
2022-07-25 00:00:00+00:00,10460.37321865242
2022-07-26 00:00:00+00:00,10460.37321865242
2022-07-27 00:00:00+00:00,10460.37321865242
2022-07-28 00:00:00+00:00,10460.37321865242
2022-07-29 00:00:00+00:00,10460.37321865242
2022-07-30 00:00:00+00:00,10460.37321865242
2022-07-31 00:00:00+00:00,10460.37321865242
2022-08-01 00:00:00+00:00,10460.37321865242
2022-08-02 00:00:00+00:00,10460.37321865242
2022-08-03 00:00:00+00:00,10460.37321865242
2022-08-04 00:00:00+00:00,10460.37321865242
2022-08-05 00:00:00+00:00,10460.37321865242
2022-08-06 00:00:00+00:00,10460.37321865242
2022-08-07 00:00:00+00:00,10460.37321865242
2022-08-08 00:00:00+00:00,10460.37321865242
2022-08-09 00:00:00+00:00,10460.37321865242
2022-08-10 00:00:00+00:00,10460.37321865242
2022-08-11 00:00:00+00:00,10460.37321865242
2022-08-12 00:00:00+00:00,10460.37321865242
2022-08-13 00:00:00+00:00,10460.37321865242
2022-08-14 00:00:00+00:00,10460.37321865242
2022-08-15 00:00:00+00:00,10460.37321865242
2022-08-16 00:00:00+00:00,10460.37321865242
2022-08-17 00:00:00+00:00,10460.37321865242
2022-08-18 00:00:00+00:00,10460.37321865242
2022-08-19 00:00:00+00:00,10460.37321865242
2022-08-20 00:00:00+00:00,10460.37321865242
2022-08-21 00:00:00+00:00,10460.37321865242
2022-08-22 00:00:00+00:00,10460.37321865242
2022-08-23 00:00:00+00:00,10460.37321865242
2022-08-24 00:00:00+00:00,10460.37321865242
2022-08-25 00:00:00+00:00,10460.37321865242
2022-08-26 00:00:00+00:00,10460.37321865242
2022-08-27 00:00:00+00:00,10460.37321865242
2022-08-28 00:00:00+00:00,10470.61168591242
2022-08-29 00:00:00+00:00,10494.77944232514
2022-08-30 00:00:00+00:00,10457.353641635938
2022-08-31 00:00:00+00:00,10481.361911287258
2022-09-01 00:00:00+00:00,10469.29077210774
2022-09-02 00:00:00+00:00,10465.316012056344
2022-09-03 00:00:00+00:00,10474.69408193934
2022-09-04 00:00:00+00:00,10480.934721867123
2022-09-05 00:00:00+00:00,10472.245308777812
2022-09-06 00:00:00+00:00,10482.968186507771
2022-09-07 00:00:00+00:00,10534.1776189655
2022-09-08 00:00:00+00:00,10508.307540702572
2022-09-09 00:00:00+00:00,10507.264807563752
2022-09-10 00:00:00+00:00,10403.296982662567
2022-09-11 00:00:00+00:00,10388.958598335847
2022-09-12 00:00:00+00:00,10380.000756562762
2022-09-13 00:00:00+00:00,10351.464388021599
2022-09-14 00:00:00+00:00,10465.2049942315
2022-09-15 00:00:00+00:00,10462.402645569928
2022-09-16 00:00:00+00:00,10489.353675501718
2022-09-17 00:00:00+00:00,10484.320853787201
2022-09-18 00:00:00+00:00,10468.62545461975
2022-09-19 00:00:00+00:00,10504.38056359999
2022-09-20 00:00:00+00:00,10498.00091332513
2022-09-21 00:00:00+00:00,10531.905981394084
2022-09-22 00:00:00+00:00,10553.380680243801
2022-09-23 00:00:00+00:00,10505.082688404726
2022-09-24 00:00:00+00:00,10510.836035996826
2022-09-25 00:00:00+00:00,10529.788752905803
2022-09-26 00:00:00+00:00,10535.534927735758
2022-09-27 00:00:00+00:00,10535.415396047209
2022-09-28 00:00:00+00:00,10535.415396047209
2022-09-29 00:00:00+00:00,10535.415396047209
2022-09-30 00:00:00+00:00,10535.415396047209
2022-10-01 00:00:00+00:00,10535.415396047209
2022-10-02 00:00:00+00:00,10535.415396047209
2022-10-03 00:00:00+00:00,10535.415396047209
2022-10-04 00:00:00+00:00,10535.415396047209
2022-10-05 00:00:00+00:00,10535.415396047209
2022-10-06 00:00:00+00:00,10535.415396047209
2022-10-07 00:00:00+00:00,10535.415396047209
2022-10-08 00:00:00+00:00,10535.415396047209
2022-10-09 00:00:00+00:00,10535.415396047209
2022-10-10 00:00:00+00:00,10535.415396047209
2022-10-11 00:00:00+00:00,10535.415396047209
2022-10-12 00:00:00+00:00,10535.415396047209
2022-10-13 00:00:00+00:00,10535.415396047209
2022-10-14 00:00:00+00:00,10535.415396047209
2022-10-15 00:00:00+00:00,10535.415396047209
2022-10-16 00:00:00+00:00,10535.415396047209
2022-10-17 00:00:00+00:00,10535.415396047209
2022-10-18 00:00:00+00:00,10535.415396047209
2022-10-19 00:00:00+00:00,10535.415396047209
2022-10-20 00:00:00+00:00,10535.415396047209
2022-10-21 00:00:00+00:00,10535.415396047209
2022-10-22 00:00:00+00:00,10535.415396047209
2022-10-23 00:00:00+00:00,10535.415396047209
2022-10-24 00:00:00+00:00,10535.415396047209
2022-10-25 00:00:00+00:00,10535.415396047209
2022-10-26 00:00:00+00:00,10535.415396047209
2022-10-27 00:00:00+00:00,10535.415396047209
2022-10-28 00:00:00+00:00,10535.415396047209
2022-10-29 00:00:00+00:00,10535.415396047209
2022-10-30 00:00:00+00:00,10535.415396047209
2022-10-31 00:00:00+00:00,10535.415396047209
2022-11-01 00:00:00+00:00,10535.415396047209
2022-11-02 00:00:00+00:00,10535.415396047209
2022-11-03 00:00:00+00:00,10535.415396047209
2022-11-04 00:00:00+00:00,10535.415396047209
2022-11-05 00:00:00+00:00,10535.415396047209
2022-11-06 00:00:00+00:00,10535.415396047209
2022-11-07 00:00:00+00:00,10535.415396047209
2022-11-08 00:00:00+00:00,10535.415396047209
2022-11-09 00:00:00+00:00,10535.415396047209
2022-11-10 00:00:00+00:00,10535.415396047209
2022-11-11 00:00:00+00:00,10449.420165047208
2022-11-12 00:00:00+00:00,10476.143065880928
2022-11-13 00:00:00+00:00,10489.046374347288
2022-11-14 00:00:00+00:00,10513.781005395338
2022-11-15 00:00:00+00:00,10499.19224125562
2022-11-16 00:00:00+00:00,10484.531295804876
2022-11-17 00:00:00+00:00,10496.492828731381
2022-11-18 00:00:00+00:00,10494.781191049862
2022-11-19 00:00:00+00:00,10494.397989619169
2022-11-20 00:00:00+00:00,10494.339347919318
2022-11-21 00:00:00+00:00,10515.789921012738
2022-11-22 00:00:00+00:00,10541.344063322353
2022-11-23 00:00:00+00:00,10518.536002633144
2022-11-24 00:00:00+00:00,10499.558111637425
2022-11-25 00:00:00+00:00,10499.847500347456
2022-11-26 00:00:00+00:00,10503.771362796855
2022-11-27 00:00:00+00:00,10507.22476420873
2022-11-28 00:00:00+00:00,10508.596305181582
2022-11-29 00:00:00+00:00,10519.743359040081
2022-11-30 00:00:00+00:00,10508.150286140997
2022-12-01 00:00:00+00:00,10471.567268945797
2022-12-02 00:00:00+00:00,10480.94280330035
2022-12-03 00:00:00+00:00,10475.268268097976
2022-12-04 00:00:00+00:00,10485.807292778225
2022-12-05 00:00:00+00:00,10474.735290883866
2022-12-06 00:00:00+00:00,10481.94031929092
2022-12-07 00:00:00+00:00,10475.879648767897
2022-12-08 00:00:00+00:00,10488.721681364159
2022-12-09 00:00:00+00:00,10468.963736508718
2022-12-10 00:00:00+00:00,10473.83134059
2022-12-11 00:00:00+00:00,10473.6510639081
2022-12-12 00:00:00+00:00,10473.6510639081
2022-12-13 00:00:00+00:00,10473.6510639081
2022-12-14 00:00:00+00:00,10473.6510639081
2022-12-15 00:00:00+00:00,10473.6510639081
2022-12-16 00:00:00+00:00,10473.6510639081
2022-12-17 00:00:00+00:00,10473.6510639081
2022-12-18 00:00:00+00:00,10473.6510639081
2022-12-19 00:00:00+00:00,10473.6510639081
2022-12-20 00:00:00+00:00,10473.6510639081
2022-12-21 00:00:00+00:00,10473.6510639081
2022-12-22 00:00:00+00:00,10473.6510639081
2022-12-23 00:00:00+00:00,10473.6510639081
2022-12-24 00:00:00+00:00,10473.6510639081
2022-12-25 00:00:00+00:00,10473.6510639081
2022-12-26 00:00:00+00:00,10473.6510639081
2022-12-27 00:00:00+00:00,10473.6510639081
2022-12-28 00:00:00+00:00,10473.6510639081
2022-12-29 00:00:00+00:00,10473.6510639081
2022-12-30 00:00:00+00:00,10473.6510639081
2022-12-31 00:00:00+00:00,10473.6510639081
2023-01-01 00:00:00+00:00,10473.6510639081
2023-01-02 00:00:00+00:00,10473.6510639081
2023-01-03 00:00:00+00:00,10473.6510639081
2023-01-04 00:00:00+00:00,10473.6510639081
2023-01-05 00:00:00+00:00,10473.6510639081
2023-01-06 00:00:00+00:00,10473.6510639081
2023-01-07 00:00:00+00:00,10473.6510639081
2023-01-08 00:00:00+00:00,10473.6510639081
2023-01-09 00:00:00+00:00,10473.6510639081
2023-01-10 00:00:00+00:00,10473.6510639081
2023-01-11 00:00:00+00:00,10473.6510639081
2023-01-12 00:00:00+00:00,10473.6510639081
2023-01-13 00:00:00+00:00,10473.6510639081
2023-01-14 00:00:00+00:00,10473.6510639081
2023-01-15 00:00:00+00:00,10473.6510639081
2023-01-16 00:00:00+00:00,10473.6510639081
2023-01-17 00:00:00+00:00,10473.6510639081
2023-01-18 00:00:00+00:00,10473.6510639081
2023-01-19 00:00:00+00:00,10473.6510639081
2023-01-20 00:00:00+00:00,10473.6510639081
2023-01-21 00:00:00+00:00,10473.6510639081
2023-01-22 00:00:00+00:00,10473.6510639081
2023-01-23 00:00:00+00:00,10473.6510639081
2023-01-24 00:00:00+00:00,10473.6510639081
2023-01-25 00:00:00+00:00,10473.6510639081
2023-01-26 00:00:00+00:00,10473.6510639081
2023-01-27 00:00:00+00:00,10473.6510639081
2023-01-28 00:00:00+00:00,10473.6510639081
2023-01-29 00:00:00+00:00,10473.6510639081
2023-01-30 00:00:00+00:00,10473.6510639081
2023-01-31 00:00:00+00:00,10473.6510639081
2023-02-01 00:00:00+00:00,10473.6510639081
2023-02-02 00:00:00+00:00,10473.6510639081
2023-02-03 00:00:00+00:00,10473.6510639081
2023-02-04 00:00:00+00:00,10473.6510639081
2023-02-05 00:00:00+00:00,10473.6510639081
2023-02-06 00:00:00+00:00,10473.6510639081
2023-02-07 00:00:00+00:00,10473.6510639081
2023-02-08 00:00:00+00:00,10473.6510639081
2023-02-09 00:00:00+00:00,10473.6510639081
2023-02-10 00:00:00+00:00,10473.6510639081
2023-02-11 00:00:00+00:00,10473.6510639081
2023-02-12 00:00:00+00:00,10473.6510639081
2023-02-13 00:00:00+00:00,10473.6510639081
2023-02-14 00:00:00+00:00,10473.6510639081
2023-02-15 00:00:00+00:00,10473.6510639081
2023-02-16 00:00:00+00:00,10473.6510639081
2023-02-17 00:00:00+00:00,10423.371138428101
2023-02-18 00:00:00+00:00,10488.337343668101
2023-02-19 00:00:00+00:00,10491.314931488101
2023-02-20 00:00:00+00:00,10467.8546870081
2023-02-21 00:00:00+00:00,10503.6113412681
2023-02-22 00:00:00+00:00,10477.946133128102
2023-02-23 00:00:00+00:00,10460.621287748103
2023-02-24 00:00:00+00:00,10445.329469135879
2023-02-25 00:00:00+00:00,10398.403087489482
2023-02-26 00:00:00+00:00,10396.555213916032
2023-02-27 00:00:00+00:00,10421.059571602858
2023-02-28 00:00:00+00:00,10416.774979946877
2023-03-01 00:00:00+00:00,10394.884965744475
2023-03-02 00:00:00+00:00,10424.987904487885
2023-03-03 00:00:00+00:00,10414.524000151925
2023-03-04 00:00:00+00:00,10345.356378859384
2023-03-05 00:00:00+00:00,10344.826885412327
2023-03-06 00:00:00+00:00,10349.931479060024
2023-03-07 00:00:00+00:00,10348.341380367576
2023-03-08 00:00:00+00:00,10335.207805121418
2023-03-09 00:00:00+00:00,10304.492225939952
2023-03-10 00:00:00+00:00,10261.40021328577
2023-03-11 00:00:00+00:00,10261.40021328577
2023-03-12 00:00:00+00:00,10261.40021328577
2023-03-13 00:00:00+00:00,10261.40021328577
2023-03-14 00:00:00+00:00,10261.40021328577
2023-03-15 00:00:00+00:00,10261.40021328577
2023-03-16 00:00:00+00:00,10261.40021328577
2023-03-17 00:00:00+00:00,10261.40021328577
2023-03-18 00:00:00+00:00,10261.40021328577
2023-03-19 00:00:00+00:00,10242.58751886577
2023-03-20 00:00:00+00:00,10283.17200696577
2023-03-21 00:00:00+00:00,10273.042543744048
2023-03-22 00:00:00+00:00,10288.031128099312
2023-03-23 00:00:00+00:00,10254.53498949268
2023-03-24 00:00:00+00:00,10295.399420707925
2023-03-25 00:00:00+00:00,10262.105697907926
2023-03-26 00:00:00+00:00,10262.428942515455
2023-03-27 00:00:00+00:00,10282.197992588905
2023-03-28 00:00:00+00:00,10249.294675682419
2023-03-29 00:00:00+00:00,10254.588570270738
2023-03-30 00:00:00+00:00,10296.80550192448
2023-03-31 00:00:00+00:00,10284.037058286089
2023-04-01 00:00:00+00:00,10301.04406413699
2023-04-02 00:00:00+00:00,10300.29111592851
2023-04-03 00:00:00+00:00,10289.092959381349
2023-04-04 00:00:00+00:00,10274.395888477598
2023-04-05 00:00:00+00:00,10288.884438193318
2023-04-06 00:00:00+00:00,10288.65599894428
2023-04-07 00:00:00+00:00,10283.51652512038
2023-04-08 00:00:00+00:00,10278.358220766813
2023-04-09 00:00:00+00:00,10279.649316200415
2023-04-10 00:00:00+00:00,10294.653605004192
2023-04-11 00:00:00+00:00,10345.59900389697
2023-04-12 00:00:00+00:00,10367.17041362697
2023-04-13 00:00:00+00:00,10354.846673408932
2023-04-14 00:00:00+00:00,10373.62122606652
2023-04-15 00:00:00+00:00,10376.98925185145
2023-04-16 00:00:00+00:00,10370.09385433985
2023-04-17 00:00:00+00:00,10370.015101180585
2023-04-18 00:00:00+00:00,10369.455506575561
2023-04-19 00:00:00+00:00,10369.455506575561
2023-04-20 00:00:00+00:00,10369.455506575561
2023-04-21 00:00:00+00:00,10369.455506575561
2023-04-22 00:00:00+00:00,10369.455506575561
2023-04-23 00:00:00+00:00,10369.455506575561
2023-04-24 00:00:00+00:00,10369.455506575561
2023-04-25 00:00:00+00:00,10369.455506575561
2023-04-26 00:00:00+00:00,10369.455506575561
2023-04-27 00:00:00+00:00,10369.455506575561
2023-04-28 00:00:00+00:00,10369.455506575561
2023-04-29 00:00:00+00:00,10369.455506575561
2023-04-30 00:00:00+00:00,10369.455506575561
2023-05-01 00:00:00+00:00,10369.455506575561
2023-05-02 00:00:00+00:00,10369.455506575561
2023-05-03 00:00:00+00:00,10369.455506575561
2023-05-04 00:00:00+00:00,10369.455506575561
2023-05-05 00:00:00+00:00,10369.455506575561
2023-05-06 00:00:00+00:00,10369.455506575561
2023-05-07 00:00:00+00:00,10369.455506575561
2023-05-08 00:00:00+00:00,10369.455506575561
2023-05-09 00:00:00+00:00,10369.455506575561
2023-05-10 00:00:00+00:00,10369.455506575561
2023-05-11 00:00:00+00:00,10369.455506575561
2023-05-12 00:00:00+00:00,10369.455506575561
2023-05-13 00:00:00+00:00,10369.455506575561
2023-05-14 00:00:00+00:00,10369.455506575561
2023-05-15 00:00:00+00:00,10369.455506575561
2023-05-16 00:00:00+00:00,10369.455506575561
2023-05-17 00:00:00+00:00,10369.455506575561
2023-05-18 00:00:00+00:00,10369.455506575561
2023-05-19 00:00:00+00:00,10369.455506575561
2023-05-20 00:00:00+00:00,10369.455506575561
2023-05-21 00:00:00+00:00,10369.455506575561
2023-05-22 00:00:00+00:00,10369.455506575561
2023-05-23 00:00:00+00:00,10369.455506575561
2023-05-24 00:00:00+00:00,10369.455506575561
2023-05-25 00:00:00+00:00,10369.455506575561
2023-05-26 00:00:00+00:00,10369.455506575561
2023-05-27 00:00:00+00:00,10369.455506575561
2023-05-28 00:00:00+00:00,10369.455506575561
2023-05-29 00:00:00+00:00,10369.455506575561
2023-05-30 00:00:00+00:00,10369.455506575561
2023-05-31 00:00:00+00:00,10369.455506575561
2023-06-01 00:00:00+00:00,10369.455506575561
2023-06-02 00:00:00+00:00,10369.455506575561
2023-06-03 00:00:00+00:00,10369.455506575561
2023-06-04 00:00:00+00:00,10369.455506575561
2023-06-05 00:00:00+00:00,10369.455506575561
2023-06-06 00:00:00+00:00,10369.455506575561
2023-06-07 00:00:00+00:00,10369.455506575561
2023-06-08 00:00:00+00:00,10369.455506575561
2023-06-09 00:00:00+00:00,10369.455506575561
2023-06-10 00:00:00+00:00,10369.455506575561
2023-06-11 00:00:00+00:00,10369.455506575561
2023-06-12 00:00:00+00:00,10369.455506575561
2023-06-13 00:00:00+00:00,10369.455506575561
2023-06-14 00:00:00+00:00,10369.455506575561
2023-06-15 00:00:00+00:00,10369.455506575561
2023-06-16 00:00:00+00:00,10369.455506575561
2023-06-17 00:00:00+00:00,10369.455506575561
2023-06-18 00:00:00+00:00,10369.455506575561
2023-06-19 00:00:00+00:00,10369.455506575561
2023-06-20 00:00:00+00:00,10369.455506575561
2023-06-21 00:00:00+00:00,10369.455506575561
2023-06-22 00:00:00+00:00,10369.455506575561
2023-06-23 00:00:00+00:00,10363.71961697556
2023-06-24 00:00:00+00:00,10401.61261697556
2023-06-25 00:00:00+00:00,10394.00931857556
2023-06-26 00:00:00+00:00,10390.39217009556
2023-06-27 00:00:00+00:00,10380.45437489556
2023-06-28 00:00:00+00:00,10400.327429455561
2023-06-29 00:00:00+00:00,10370.36423178516
2023-06-30 00:00:00+00:00,10387.923622770986
2023-07-01 00:00:00+00:00,10388.459688210987
2023-07-02 00:00:00+00:00,10393.464261330986
2023-07-03 00:00:00+00:00,10394.900801490987
2023-07-04 00:00:00+00:00,10420.202378610986
2023-07-05 00:00:00+00:00,10400.894633010987
2023-07-06 00:00:00+00:00,10387.602145170986
2023-07-07 00:00:00+00:00,10357.848988463402
2023-07-08 00:00:00+00:00,10379.555887155098
2023-07-09 00:00:00+00:00,10376.625550384539
2023-07-10 00:00:00+00:00,10370.522130100442
2023-07-11 00:00:00+00:00,10382.39698114457
2023-07-12 00:00:00+00:00,10392.253829677322
2023-07-13 00:00:00+00:00,10380.490876328042
2023-07-14 00:00:00+00:00,10431.904898353034
2023-07-15 00:00:00+00:00,10376.328939313034
2023-07-16 00:00:00+00:00,10375.536962229482
2023-07-17 00:00:00+00:00,10372.467646762922
2023-07-18 00:00:00+00:00,10367.891785750633
2023-07-19 00:00:00+00:00,10354.163766306792
2023-07-20 00:00:00+00:00,10356.230701809289
2023-07-21 00:00:00+00:00,10350.95847106625
2023-07-22 00:00:00+00:00,10355.672268124968
2023-07-23 00:00:00+00:00,10355.342532022247
2023-07-24 00:00:00+00:00,10355.342532022247
2023-07-25 00:00:00+00:00,10355.342532022247
2023-07-26 00:00:00+00:00,10355.342532022247
2023-07-27 00:00:00+00:00,10355.342532022247
2023-07-28 00:00:00+00:00,10355.342532022247
2023-07-29 00:00:00+00:00,10355.342532022247
2023-07-30 00:00:00+00:00,10355.342532022247
2023-07-31 00:00:00+00:00,10355.342532022247
2023-08-01 00:00:00+00:00,10355.342532022247
2023-08-02 00:00:00+00:00,10355.342532022247
2023-08-03 00:00:00+00:00,10355.342532022247
2023-08-04 00:00:00+00:00,10355.342532022247
2023-08-05 00:00:00+00:00,10355.342532022247
2023-08-06 00:00:00+00:00,10355.342532022247
2023-08-07 00:00:00+00:00,10355.342532022247
2023-08-08 00:00:00+00:00,10355.342532022247
2023-08-09 00:00:00+00:00,10355.342532022247
2023-08-10 00:00:00+00:00,10355.342532022247
2023-08-11 00:00:00+00:00,10355.342532022247
2023-08-12 00:00:00+00:00,10355.342532022247
2023-08-13 00:00:00+00:00,10355.342532022247
2023-08-14 00:00:00+00:00,10355.342532022247
2023-08-15 00:00:00+00:00,10355.342532022247
2023-08-16 00:00:00+00:00,10355.342532022247
2023-08-17 00:00:00+00:00,10355.342532022247
2023-08-18 00:00:00+00:00,10355.342532022247
2023-08-19 00:00:00+00:00,10355.342532022247
2023-08-20 00:00:00+00:00,10355.342532022247
2023-08-21 00:00:00+00:00,10355.342532022247
2023-08-22 00:00:00+00:00,10355.342532022247
2023-08-23 00:00:00+00:00,10355.342532022247
2023-08-24 00:00:00+00:00,10355.342532022247
2023-08-25 00:00:00+00:00,10355.342532022247
2023-08-26 00:00:00+00:00,10355.342532022247
2023-08-27 00:00:00+00:00,10355.342532022247
2023-08-28 00:00:00+00:00,10355.342532022247
2023-08-29 00:00:00+00:00,10355.342532022247
2023-08-30 00:00:00+00:00,10355.342532022247
2023-08-31 00:00:00+00:00,10355.342532022247
2023-09-01 00:00:00+00:00,10355.342532022247
2023-09-02 00:00:00+00:00,10355.342532022247
2023-09-03 00:00:00+00:00,10355.342532022247
2023-09-04 00:00:00+00:00,10355.342532022247
2023-09-05 00:00:00+00:00,10355.342532022247
2023-09-06 00:00:00+00:00,10355.342532022247
2023-09-07 00:00:00+00:00,10355.342532022247
2023-09-08 00:00:00+00:00,10355.342532022247
2023-09-09 00:00:00+00:00,10355.342532022247
2023-09-10 00:00:00+00:00,10355.342532022247
2023-09-11 00:00:00+00:00,10355.342532022247
2023-09-12 00:00:00+00:00,10355.342532022247
2023-09-13 00:00:00+00:00,10355.342532022247
2023-09-14 00:00:00+00:00,10355.342532022247
2023-09-15 00:00:00+00:00,10355.342532022247
2023-09-16 00:00:00+00:00,10355.342532022247
2023-09-17 00:00:00+00:00,10355.342532022247
2023-09-18 00:00:00+00:00,10355.342532022247
2023-09-19 00:00:00+00:00,10355.342532022247
2023-09-20 00:00:00+00:00,10355.342532022247
2023-09-21 00:00:00+00:00,10355.342532022247
2023-09-22 00:00:00+00:00,10355.342532022247
2023-09-23 00:00:00+00:00,10355.342532022247
2023-09-24 00:00:00+00:00,10355.342532022247
2023-09-25 00:00:00+00:00,10355.342532022247
2023-09-26 00:00:00+00:00,10355.342532022247
2023-09-27 00:00:00+00:00,10355.342532022247
2023-09-28 00:00:00+00:00,10355.342532022247
2023-09-29 00:00:00+00:00,10355.342532022247
2023-09-30 00:00:00+00:00,10355.342532022247
2023-10-01 00:00:00+00:00,10355.342532022247
2023-10-02 00:00:00+00:00,10355.342532022247
2023-10-03 00:00:00+00:00,10355.342532022247
2023-10-04 00:00:00+00:00,10355.342532022247
2023-10-05 00:00:00+00:00,10355.342532022247
2023-10-06 00:00:00+00:00,10355.342532022247
2023-10-07 00:00:00+00:00,10355.342532022247
2023-10-08 00:00:00+00:00,10355.342532022247
2023-10-09 00:00:00+00:00,10355.342532022247
2023-10-10 00:00:00+00:00,10355.342532022247
2023-10-11 00:00:00+00:00,10355.342532022247
2023-10-12 00:00:00+00:00,10355.342532022247
2023-10-13 00:00:00+00:00,10355.342532022247
2023-10-14 00:00:00+00:00,10355.342532022247
2023-10-15 00:00:00+00:00,10355.342532022247
2023-10-16 00:00:00+00:00,10355.342532022247
2023-10-17 00:00:00+00:00,10355.342532022247
2023-10-18 00:00:00+00:00,10355.342532022247
2023-10-19 00:00:00+00:00,10355.342532022247
2023-10-20 00:00:00+00:00,10355.342532022247
2023-10-21 00:00:00+00:00,10355.342532022247
2023-10-22 00:00:00+00:00,10355.342532022247
2023-10-23 00:00:00+00:00,10355.342532022247
2023-10-24 00:00:00+00:00,10355.342532022247
2023-10-25 00:00:00+00:00,10389.634325222247
2023-10-26 00:00:00+00:00,10412.615846122246
2023-10-27 00:00:00+00:00,10398.509946182246
2023-10-28 00:00:00+00:00,10387.392951982245
2023-10-29 00:00:00+00:00,10394.909565622245
2023-10-30 00:00:00+00:00,10412.612299212245
2023-10-31 00:00:00+00:00,10410.350797432244
2023-11-01 00:00:00+00:00,10416.798246692244
2023-11-02 00:00:00+00:00,10448.598034472245
2023-11-03 00:00:00+00:00,10427.772853222245
2023-11-04 00:00:00+00:00,10417.515389992244
2023-11-05 00:00:00+00:00,10432.229873842243
2023-11-06 00:00:00+00:00,10429.986316532244
2023-11-07 00:00:00+00:00,10430.863402882243
2023-11-08 00:00:00+00:00,10444.745295632243
2023-11-09 00:00:00+00:00,10453.337995682245
2023-11-10 00:00:00+00:00,10497.558123414676
2023-11-11 00:00:00+00:00,10522.128049764124
2023-11-12 00:00:00+00:00,10514.596324538259
2023-11-13 00:00:00+00:00,10510.44801548064
2023-11-14 00:00:00+00:00,10484.90583969085
2023-11-15 00:00:00+00:00,10446.169180544874
2023-11-16 00:00:00+00:00,10541.122403614874
2023-11-17 00:00:00+00:00,10470.45077203916
2023-11-18 00:00:00+00:00,10488.287707239158
2023-11-19 00:00:00+00:00,10486.156257869157
2023-11-20 00:00:00+00:00,10518.301312799156
2023-11-21 00:00:00+00:00,10521.392190459157
2023-11-22 00:00:00+00:00,10450.185900479159
2023-11-23 00:00:00+00:00,10518.478735379158
2023-11-24 00:00:00+00:00,10517.715858629157
2023-11-25 00:00:00+00:00,10517.715858629157
2023-11-26 00:00:00+00:00,10517.715858629157
2023-11-27 00:00:00+00:00,10517.715858629157
2023-11-28 00:00:00+00:00,10517.715858629157
2023-11-29 00:00:00+00:00,10517.715858629157
2023-11-30 00:00:00+00:00,10517.715858629157
2023-12-01 00:00:00+00:00,10517.715858629157
2023-12-02 00:00:00+00:00,10517.715858629157
2023-12-03 00:00:00+00:00,10550.712683489157
2023-12-04 00:00:00+00:00,10573.626070699156
2023-12-05 00:00:00+00:00,10659.686531279158
2023-12-06 00:00:00+00:00,10748.954620289156
2023-12-07 00:00:00+00:00,10735.189266359155
2023-12-08 00:00:00+00:00,10714.036167569157
2023-12-09 00:00:00+00:00,10752.320084570756
2023-12-10 00:00:00+00:00,10730.767643487317
2023-12-11 00:00:00+00:00,10732.799808426136
2023-12-12 00:00:00+00:00,10622.968552773747
2023-12-13 00:00:00+00:00,10632.928155583748
2023-12-14 00:00:00+00:00,10690.789211600244
2023-12-15 00:00:00+00:00,10697.004324100244
2023-12-16 00:00:00+00:00,10650.680007430243
2023-12-17 00:00:00+00:00,10663.872820230243
2023-12-18 00:00:00+00:00,10625.018612770244
2023-12-19 00:00:00+00:00,10679.158597006535
2023-12-20 00:00:00+00:00,10662.551930786534
2023-12-21 00:00:00+00:00,10722.404847926216
2023-12-22 00:00:00+00:00,10728.859717619327
2023-12-23 00:00:00+00:00,10731.804072545323
2023-12-24 00:00:00+00:00,10719.239725850068
2023-12-25 00:00:00+00:00,10687.467475897185
2023-12-26 00:00:00+00:00,10712.347047813488
2023-12-27 00:00:00+00:00,10664.37729012777
2023-12-28 00:00:00+00:00,10701.945046306302
2023-12-29 00:00:00+00:00,10663.347776145334
2023-12-30 00:00:00+00:00,10638.845429450283
2023-12-31 00:00:00+00:00,10640.17499174197
2024-01-01 00:00:00+00:00,10644.444983264244
2024-01-02 00:00:00+00:00,10642.293913414784
2024-01-03 00:00:00+00:00,10642.293913414784
2024-01-04 00:00:00+00:00,10569.561251454785
2024-01-05 00:00:00+00:00,10613.130386554785
2024-01-06 00:00:00+00:00,10612.734519794783
2024-01-07 00:00:00+00:00,10605.868437734785
2024-01-08 00:00:00+00:00,10604.066880414784
2024-01-09 00:00:00+00:00,10707.516128034786
2024-01-10 00:00:00+00:00,10677.841207514784
2024-01-11 00:00:00+00:00,10696.033445734785
2024-01-12 00:00:00+00:00,10684.504083134785
2024-01-13 00:00:00+00:00,10563.368836554786
2024-01-14 00:00:00+00:00,10564.887388754785
2024-01-15 00:00:00+00:00,10526.659355474783
2024-01-16 00:00:00+00:00,10552.757059494783
2024-01-17 00:00:00+00:00,10573.335406494783
2024-01-18 00:00:00+00:00,10561.009049894785
2024-01-19 00:00:00+00:00,10510.922460234784
2024-01-20 00:00:00+00:00,10522.030363594784
2024-01-21 00:00:00+00:00,10522.611810174783
2024-01-22 00:00:00+00:00,10518.385353814783
2024-01-23 00:00:00+00:00,10449.519238834782
2024-01-24 00:00:00+00:00,10424.938574355887
2024-01-25 00:00:00+00:00,10424.938574355887
2024-01-26 00:00:00+00:00,10424.938574355887
2024-01-27 00:00:00+00:00,10424.938574355887
2024-01-28 00:00:00+00:00,10424.938574355887
2024-01-29 00:00:00+00:00,10424.938574355887
2024-01-30 00:00:00+00:00,10424.938574355887
2024-01-31 00:00:00+00:00,10424.938574355887
2024-02-01 00:00:00+00:00,10424.938574355887
2024-02-02 00:00:00+00:00,10424.938574355887
2024-02-03 00:00:00+00:00,10424.938574355887
2024-02-04 00:00:00+00:00,10424.938574355887
2024-02-05 00:00:00+00:00,10424.938574355887
2024-02-06 00:00:00+00:00,10424.938574355887
2024-02-07 00:00:00+00:00,10424.938574355887
2024-02-08 00:00:00+00:00,10424.938574355887
2024-02-09 00:00:00+00:00,10424.938574355887
2024-02-10 00:00:00+00:00,10424.938574355887
2024-02-11 00:00:00+00:00,10424.938574355887
2024-02-12 00:00:00+00:00,10424.938574355887
2024-02-13 00:00:00+00:00,10424.938574355887
2024-02-14 00:00:00+00:00,10416.451346595886
2024-02-15 00:00:00+00:00,10486.10631146509
2024-02-16 00:00:00+00:00,10488.078162775091
2024-02-17 00:00:00+00:00,10495.81766861509
2024-02-18 00:00:00+00:00,10479.713836487179
2024-02-19 00:00:00+00:00,10495.251764261779
2024-02-20 00:00:00+00:00,10482.338511900483
2024-02-21 00:00:00+00:00,10497.585466274211
2024-02-22 00:00:00+00:00,10483.199488432834
2024-02-23 00:00:00+00:00,10464.072845551675
2024-02-24 00:00:00+00:00,10445.529156921866
2024-02-25 00:00:00+00:00,10472.423115111866
2024-02-26 00:00:00+00:00,10477.08862000805
2024-02-27 00:00:00+00:00,10566.439057991614
2024-02-28 00:00:00+00:00,10648.698728115585
2024-02-29 00:00:00+00:00,10825.38309183942
2024-03-01 00:00:00+00:00,10778.816383383208
2024-03-02 00:00:00+00:00,10816.001810041324
2024-03-03 00:00:00+00:00,10800.080284043715
2024-03-04 00:00:00+00:00,10834.913668748097
2024-03-05 00:00:00+00:00,11000.353374596876
2024-03-06 00:00:00+00:00,10845.276313282811
2024-03-07 00:00:00+00:00,10921.325320253562
2024-03-08 00:00:00+00:00,10943.069067266682
2024-03-09 00:00:00+00:00,10983.189152800782
2024-03-10 00:00:00+00:00,10987.39739882373
2024-03-11 00:00:00+00:00,11005.213581321688
2024-03-12 00:00:00+00:00,11105.123747205767
2024-03-13 00:00:00+00:00,11080.375082781931
2024-03-14 00:00:00+00:00,11130.604956634837
2024-03-15 00:00:00+00:00,11127.675222195207
2024-03-16 00:00:00+00:00,11127.675222195207
2024-03-17 00:00:00+00:00,11127.675222195207
2024-03-18 00:00:00+00:00,11127.675222195207
2024-03-19 00:00:00+00:00,11127.675222195207
2024-03-20 00:00:00+00:00,11127.675222195207
2024-03-21 00:00:00+00:00,11127.675222195207
2024-03-22 00:00:00+00:00,11127.675222195207
2024-03-23 00:00:00+00:00,11127.675222195207
2024-03-24 00:00:00+00:00,11127.675222195207
2024-03-25 00:00:00+00:00,11127.675222195207
2024-03-26 00:00:00+00:00,11127.675222195207
2024-03-27 00:00:00+00:00,11127.675222195207
2024-03-28 00:00:00+00:00,11127.675222195207
2024-03-29 00:00:00+00:00,11127.675222195207
2024-03-30 00:00:00+00:00,11127.675222195207
2024-03-31 00:00:00+00:00,11127.675222195207
2024-04-01 00:00:00+00:00,11127.675222195207
2024-04-02 00:00:00+00:00,11127.675222195207
2024-04-03 00:00:00+00:00,11127.675222195207
2024-04-04 00:00:00+00:00,11127.675222195207
2024-04-05 00:00:00+00:00,11127.675222195207
2024-04-06 00:00:00+00:00,11127.675222195207
2024-04-07 00:00:00+00:00,11127.675222195207
2024-04-08 00:00:00+00:00,11127.675222195207
2024-04-09 00:00:00+00:00,11127.675222195207
2024-04-10 00:00:00+00:00,11127.675222195207
2024-04-11 00:00:00+00:00,11127.675222195207
2024-04-12 00:00:00+00:00,11127.675222195207
2024-04-13 00:00:00+00:00,11127.675222195207
2024-04-14 00:00:00+00:00,11127.675222195207
2024-04-15 00:00:00+00:00,11127.675222195207
2024-04-16 00:00:00+00:00,11127.675222195207
2024-04-17 00:00:00+00:00,11127.675222195207
2024-04-18 00:00:00+00:00,11127.675222195207
2024-04-19 00:00:00+00:00,11127.675222195207
2024-04-20 00:00:00+00:00,11127.675222195207
2024-04-21 00:00:00+00:00,11127.675222195207
2024-04-22 00:00:00+00:00,11127.675222195207
2024-04-23 00:00:00+00:00,11127.675222195207
2024-04-24 00:00:00+00:00,11127.675222195207
2024-04-25 00:00:00+00:00,11127.675222195207
2024-04-26 00:00:00+00:00,11127.675222195207
2024-04-27 00:00:00+00:00,11127.675222195207
2024-04-28 00:00:00+00:00,11127.675222195207
2024-04-29 00:00:00+00:00,11127.675222195207
2024-04-30 00:00:00+00:00,11127.675222195207
2024-05-01 00:00:00+00:00,11127.675222195207
2024-05-02 00:00:00+00:00,11127.675222195207
2024-05-03 00:00:00+00:00,11127.675222195207
2024-05-04 00:00:00+00:00,11127.675222195207
2024-05-05 00:00:00+00:00,11127.675222195207
2024-05-06 00:00:00+00:00,11127.675222195207
2024-05-07 00:00:00+00:00,11127.675222195207
2024-05-08 00:00:00+00:00,11127.675222195207
2024-05-09 00:00:00+00:00,11127.675222195207
2024-05-10 00:00:00+00:00,11127.675222195207
2024-05-11 00:00:00+00:00,11127.675222195207
2024-05-12 00:00:00+00:00,11127.675222195207
2024-05-13 00:00:00+00:00,11127.675222195207
2024-05-14 00:00:00+00:00,11127.675222195207
2024-05-15 00:00:00+00:00,11127.675222195207
2024-05-16 00:00:00+00:00,11127.675222195207
2024-05-17 00:00:00+00:00,11127.675222195207
2024-05-18 00:00:00+00:00,11127.675222195207
2024-05-19 00:00:00+00:00,11127.675222195207
2024-05-20 00:00:00+00:00,11127.675222195207
2024-05-21 00:00:00+00:00,11127.675222195207
2024-05-22 00:00:00+00:00,11102.747349495206
2024-05-23 00:00:00+00:00,11084.22630861198
2024-05-24 00:00:00+00:00,11060.66695917198
2024-05-25 00:00:00+00:00,11071.37915974198
2024-05-26 00:00:00+00:00,11084.863930941981
2024-05-27 00:00:00+00:00,11069.456938291982
2024-05-28 00:00:00+00:00,11086.875049211982
2024-05-29 00:00:00+00:00,11067.078218661982
2024-05-30 00:00:00+00:00,11052.332644978775
2024-05-31 00:00:00+00:00,11065.547030218773
2024-06-01 00:00:00+00:00,11049.400488474475
2024-06-02 00:00:00+00:00,11053.216784494225
2024-06-03 00:00:00+00:00,11052.957629054225
2024-06-04 00:00:00+00:00,11072.382363718889
2024-06-05 00:00:00+00:00,11104.807043160912
2024-06-06 00:00:00+00:00,11114.788524908314
2024-06-07 00:00:00+00:00,11108.590523256296
2024-06-08 00:00:00+00:00,11080.577558278097
2024-06-09 00:00:00+00:00,11079.602609378097
2024-06-10 00:00:00+00:00,11085.298733758098
2024-06-11 00:00:00+00:00,11082.842031288097
2024-06-12 00:00:00+00:00,11039.923546128097
2024-06-13 00:00:00+00:00,11057.582218708098
2024-06-14 00:00:00+00:00,11029.008477998099
2024-06-15 00:00:00+00:00,11014.430993238097
2024-06-16 00:00:00+00:00,11017.360566948097
2024-06-17 00:00:00+00:00,11025.341248858098
2024-06-18 00:00:00+00:00,11021.512823908097
2024-06-19 00:00:00+00:00,10996.036311727134
2024-06-20 00:00:00+00:00,10991.713113972919
2024-06-21 00:00:00+00:00,10991.259517712773
2024-06-22 00:00:00+00:00,10991.259517712773
2024-06-23 00:00:00+00:00,10991.259517712773
2024-06-24 00:00:00+00:00,10991.259517712773
2024-06-25 00:00:00+00:00,10991.259517712773
2024-06-26 00:00:00+00:00,10991.259517712773
2024-06-27 00:00:00+00:00,10991.259517712773
2024-06-28 00:00:00+00:00,10991.259517712773
2024-06-29 00:00:00+00:00,10991.259517712773
2024-06-30 00:00:00+00:00,10991.259517712773
2024-07-01 00:00:00+00:00,10991.259517712773
2024-07-02 00:00:00+00:00,10991.259517712773
2024-07-03 00:00:00+00:00,10991.259517712773
2024-07-04 00:00:00+00:00,10991.259517712773
2024-07-05 00:00:00+00:00,10991.259517712773
2024-07-06 00:00:00+00:00,10991.259517712773
2024-07-07 00:00:00+00:00,10991.259517712773
2024-07-08 00:00:00+00:00,10991.259517712773
2024-07-09 00:00:00+00:00,10991.259517712773
2024-07-10 00:00:00+00:00,10991.259517712773
2024-07-11 00:00:00+00:00,10991.259517712773
2024-07-12 00:00:00+00:00,10991.259517712773
2024-07-13 00:00:00+00:00,10991.259517712773
2024-07-14 00:00:00+00:00,10991.259517712773
2024-07-15 00:00:00+00:00,10991.259517712773
2024-07-16 00:00:00+00:00,10991.259517712773
2024-07-17 00:00:00+00:00,10991.259517712773
2024-07-18 00:00:00+00:00,10991.259517712773
2024-07-19 00:00:00+00:00,10991.259517712773
2024-07-20 00:00:00+00:00,10991.259517712773
2024-07-21 00:00:00+00:00,10991.259517712773
2024-07-22 00:00:00+00:00,10991.259517712773
2024-07-23 00:00:00+00:00,10991.259517712773
2024-07-24 00:00:00+00:00,10991.259517712773
2024-07-25 00:00:00+00:00,10991.259517712773
2024-07-26 00:00:00+00:00,10991.259517712773
2024-07-27 00:00:00+00:00,10991.259517712773
2024-07-28 00:00:00+00:00,10991.259517712773
2024-07-29 00:00:00+00:00,10991.259517712773
2024-07-30 00:00:00+00:00,10991.259517712773
2024-07-31 00:00:00+00:00,10991.259517712773
2024-08-01 00:00:00+00:00,10991.259517712773
2024-08-02 00:00:00+00:00,10991.259517712773
2024-08-03 00:00:00+00:00,10991.259517712773
2024-08-04 00:00:00+00:00,10991.259517712773
2024-08-05 00:00:00+00:00,10991.259517712773
2024-08-06 00:00:00+00:00,10991.259517712773
2024-08-07 00:00:00+00:00,10991.259517712773
2024-08-08 00:00:00+00:00,10991.259517712773
2024-08-09 00:00:00+00:00,10991.259517712773
2024-08-10 00:00:00+00:00,10991.259517712773
2024-08-11 00:00:00+00:00,10991.259517712773
2024-08-12 00:00:00+00:00,10991.259517712773
2024-08-13 00:00:00+00:00,10991.259517712773
2024-08-14 00:00:00+00:00,10991.259517712773
2024-08-15 00:00:00+00:00,10991.259517712773
2024-08-16 00:00:00+00:00,10991.259517712773
2024-08-17 00:00:00+00:00,10991.259517712773
2024-08-18 00:00:00+00:00,10991.259517712773
2024-08-19 00:00:00+00:00,10991.259517712773
2024-08-20 00:00:00+00:00,10991.259517712773
2024-08-21 00:00:00+00:00,10991.259517712773
2024-08-22 00:00:00+00:00,10991.259517712773
2024-08-23 00:00:00+00:00,10991.259517712773
2024-08-24 00:00:00+00:00,10991.259517712773
2024-08-25 00:00:00+00:00,10991.259517712773
2024-08-26 00:00:00+00:00,10991.259517712773
2024-08-27 00:00:00+00:00,10991.259517712773
2024-08-28 00:00:00+00:00,10991.259517712773
2024-08-29 00:00:00+00:00,10991.259517712773
2024-08-30 00:00:00+00:00,10991.259517712773
2024-08-31 00:00:00+00:00,10991.259517712773
2024-09-01 00:00:00+00:00,10991.259517712773
2024-09-02 00:00:00+00:00,10991.259517712773
2024-09-03 00:00:00+00:00,10991.259517712773
2024-09-04 00:00:00+00:00,10991.259517712773
2024-09-05 00:00:00+00:00,10991.259517712773
2024-09-06 00:00:00+00:00,10991.259517712773
2024-09-07 00:00:00+00:00,10991.259517712773
2024-09-08 00:00:00+00:00,10991.259517712773
2024-09-09 00:00:00+00:00,10991.259517712773
2024-09-10 00:00:00+00:00,10991.259517712773
2024-09-11 00:00:00+00:00,10991.259517712773
2024-09-12 00:00:00+00:00,10991.259517712773
2024-09-13 00:00:00+00:00,10991.259517712773
2024-09-14 00:00:00+00:00,10991.259517712773
2024-09-15 00:00:00+00:00,10991.259517712773
2024-09-16 00:00:00+00:00,10991.259517712773
2024-09-17 00:00:00+00:00,10991.259517712773
2024-09-18 00:00:00+00:00,10991.259517712773
2024-09-19 00:00:00+00:00,10991.259517712773
2024-09-20 00:00:00+00:00,10991.259517712773
2024-09-21 00:00:00+00:00,10991.259517712773
2024-09-22 00:00:00+00:00,10991.259517712773
2024-09-23 00:00:00+00:00,10991.259517712773
2024-09-24 00:00:00+00:00,10991.259517712773
2024-09-25 00:00:00+00:00,10991.259517712773
2024-09-26 00:00:00+00:00,10991.259517712773
2024-09-27 00:00:00+00:00,10991.259517712773
2024-09-28 00:00:00+00:00,10991.259517712773
2024-09-29 00:00:00+00:00,10991.259517712773
2024-09-30 00:00:00+00:00,10991.259517712773
2024-10-01 00:00:00+00:00,10991.259517712773
2024-10-02 00:00:00+00:00,10991.259517712773
2024-10-03 00:00:00+00:00,10991.259517712773
2024-10-04 00:00:00+00:00,10991.259517712773
2024-10-05 00:00:00+00:00,10991.259517712773
2024-10-06 00:00:00+00:00,10991.259517712773
2024-10-07 00:00:00+00:00,10991.259517712773
2024-10-08 00:00:00+00:00,10991.259517712773
2024-10-09 00:00:00+00:00,10991.259517712773
2024-10-10 00:00:00+00:00,10991.259517712773
2024-10-11 00:00:00+00:00,10991.259517712773
2024-10-12 00:00:00+00:00,10991.259517712773
2024-10-13 00:00:00+00:00,10991.259517712773
2024-10-14 00:00:00+00:00,10991.259517712773
2024-10-15 00:00:00+00:00,10991.259517712773
2024-10-16 00:00:00+00:00,10991.259517712773
2024-10-17 00:00:00+00:00,11004.089706512774
2024-10-18 00:00:00+00:00,10999.031044112773
2024-10-19 00:00:00+00:00,11022.696953312774
2024-10-20 00:00:00+00:00,11020.987617152774
2024-10-21 00:00:00+00:00,11036.407446032774
2024-10-22 00:00:00+00:00,10996.279300592774
2024-10-23 00:00:00+00:00,10996.696645952774
2024-10-24 00:00:00+00:00,10977.990519152774
2024-10-25 00:00:00+00:00,11014.149058592773
2024-10-26 00:00:00+00:00,10977.394207232774
2024-10-27 00:00:00+00:00,10986.85304448522
2024-10-28 00:00:00+00:00,11008.473769647877
2024-10-29 00:00:00+00:00,11054.748404633869
2024-10-30 00:00:00+00:00,11121.432837353866
2024-10-31 00:00:00+00:00,11111.537112953867
2024-11-01 00:00:00+00:00,11062.365800153866
2024-11-02 00:00:00+00:00,11042.025882473867
2024-11-03 00:00:00+00:00,11038.431915593868
2024-11-04 00:00:00+00:00,11023.434076073869
2024-11-05 00:00:00+00:00,11000.662186073869
2024-11-06 00:00:00+00:00,11036.624978393867
2024-11-07 00:00:00+00:00,11185.568836073868
2024-11-08 00:00:00+00:00,11191.732660793868
2024-11-09 00:00:00+00:00,11206.133673113867
2024-11-10 00:00:00+00:00,11210.212601273868
2024-11-11 00:00:00+00:00,11298.935326248684
2024-11-12 00:00:00+00:00,11497.491273218555
2024-11-13 00:00:00+00:00,11476.522745403516
2024-11-14 00:00:00+00:00,11534.164755674554
2024-11-15 00:00:00+00:00,11460.779379914555
2024-11-16 00:00:00+00:00,11459.707899242507
2024-11-17 00:00:00+00:00,11459.707899242507
2024-11-18 00:00:00+00:00,11459.707899242507
2024-11-19 00:00:00+00:00,11459.707899242507
2024-11-20 00:00:00+00:00,11459.707899242507
2024-11-21 00:00:00+00:00,11459.707899242507
2024-11-22 00:00:00+00:00,11524.666977642506
2024-11-23 00:00:00+00:00,11533.068417002505
2024-11-24 00:00:00+00:00,11513.459193802506
2024-11-25 00:00:00+00:00,11516.44554592641
2024-11-26 00:00:00+00:00,11437.221219300169
2024-11-27 00:00:00+00:00,11419.50568570529
2024-11-28 00:00:00+00:00,11480.79252618529
2024-11-29 00:00:00+00:00,11476.86447343937
2024-11-30 00:00:00+00:00,11505.183679536522
2024-12-01 00:00:00+00:00,11487.932017913097
2024-12-02 00:00:00+00:00,11499.869956305673
2024-12-03 00:00:00+00:00,11476.885513860072
2024-12-04 00:00:00+00:00,11476.488451536201
2024-12-05 00:00:00+00:00,11519.424273580584
2024-12-06 00:00:00+00:00,11490.408707552742
2024-12-07 00:00:00+00:00,11534.68717900644
2024-12-08 00:00:00+00:00,11535.301249584041
2024-12-09 00:00:00+00:00,11555.296682321577
2024-12-10 00:00:00+00:00,11492.669309800616
2024-12-11 00:00:00+00:00,11480.254834120617
2024-12-12 00:00:00+00:00,11551.997543080617
2024-12-13 00:00:00+00:00,11533.385789640615
2024-12-14 00:00:00+00:00,11555.137874600616
2024-12-15 00:00:00+00:00,11554.849602868615
2024-12-16 00:00:00+00:00,11603.662669122376
2024-12-17 00:00:00+00:00,11628.179747226295
2024-12-18 00:00:00+00:00,11628.529436427703
2024-12-19 00:00:00+00:00,11533.738551745879
2024-12-20 00:00:00+00:00,11489.310481985878
2024-12-21 00:00:00+00:00,11494.122797345879
2024-12-22 00:00:00+00:00,11493.47983990796
2024-12-23 00:00:00+00:00,11493.47983990796
2024-12-24 00:00:00+00:00,11493.47983990796
2024-12-25 00:00:00+00:00,11493.47983990796
2024-12-26 00:00:00+00:00,11493.47983990796
2024-12-27 00:00:00+00:00,11493.47983990796
2024-12-28 00:00:00+00:00,11493.47983990796
2024-12-29 00:00:00+00:00,11493.47983990796
2024-12-30 00:00:00+00:00,11493.47983990796
2024-12-31 00:00:00+00:00,11493.47983990796
2025-01-01 00:00:00+00:00,11493.47983990796
2025-01-02 00:00:00+00:00,11493.47983990796
2025-01-03 00:00:00+00:00,11493.47983990796
2025-01-04 00:00:00+00:00,11493.47983990796
2025-01-05 00:00:00+00:00,11493.47983990796
2025-01-06 00:00:00+00:00,11493.47983990796
2025-01-07 00:00:00+00:00,11493.47983990796
2025-01-08 00:00:00+00:00,11493.47983990796
2025-01-09 00:00:00+00:00,11493.47983990796
2025-01-10 00:00:00+00:00,11493.47983990796
2025-01-11 00:00:00+00:00,11493.47983990796
2025-01-12 00:00:00+00:00,11493.47983990796
2025-01-13 00:00:00+00:00,11493.47983990796
2025-01-14 00:00:00+00:00,11493.47983990796
2025-01-15 00:00:00+00:00,11493.47983990796
2025-01-16 00:00:00+00:00,11493.47983990796
2025-01-17 00:00:00+00:00,11493.47983990796
2025-01-18 00:00:00+00:00,11493.47983990796
2025-01-19 00:00:00+00:00,11493.47983990796
2025-01-20 00:00:00+00:00,11493.47983990796
2025-01-21 00:00:00+00:00,11493.47983990796
2025-01-22 00:00:00+00:00,11493.47983990796
2025-01-23 00:00:00+00:00,11493.47983990796
2025-01-24 00:00:00+00:00,11493.47983990796
2025-01-25 00:00:00+00:00,11493.47983990796
2025-01-26 00:00:00+00:00,11493.47983990796
2025-01-27 00:00:00+00:00,11493.47983990796
2025-01-28 00:00:00+00:00,11493.47983990796
2025-01-29 00:00:00+00:00,11493.47983990796
2025-01-30 00:00:00+00:00,11493.47983990796
2025-01-31 00:00:00+00:00,11493.47983990796
2025-02-01 00:00:00+00:00,11493.47983990796
2025-02-02 00:00:00+00:00,11493.47983990796
2025-02-03 00:00:00+00:00,11493.47983990796
2025-02-04 00:00:00+00:00,11493.47983990796
2025-02-05 00:00:00+00:00,11493.47983990796
2025-02-06 00:00:00+00:00,11493.47983990796
2025-02-07 00:00:00+00:00,11493.47983990796
2025-02-08 00:00:00+00:00,11493.47983990796
2025-02-09 00:00:00+00:00,11493.47983990796
2025-02-10 00:00:00+00:00,11493.47983990796
2025-02-11 00:00:00+00:00,11493.47983990796
2025-02-12 00:00:00+00:00,11493.47983990796
2025-02-13 00:00:00+00:00,11493.47983990796
2025-02-14 00:00:00+00:00,11493.47983990796
2025-02-15 00:00:00+00:00,11493.47983990796
2025-02-16 00:00:00+00:00,11493.47983990796
2025-02-17 00:00:00+00:00,11493.47983990796
2025-02-18 00:00:00+00:00,11493.47983990796
2025-02-19 00:00:00+00:00,11493.47983990796
2025-02-20 00:00:00+00:00,11493.47983990796
2025-02-21 00:00:00+00:00,11493.47983990796
2025-02-22 00:00:00+00:00,11493.47983990796
2025-02-23 00:00:00+00:00,11493.47983990796
2025-02-24 00:00:00+00:00,11493.47983990796
2025-02-25 00:00:00+00:00,11493.47983990796
2025-02-26 00:00:00+00:00,11493.47983990796
2025-02-27 00:00:00+00:00,11493.47983990796
2025-02-28 00:00:00+00:00,11493.47983990796
2025-03-01 00:00:00+00:00,11493.47983990796
2025-03-02 00:00:00+00:00,11493.47983990796
2025-03-03 00:00:00+00:00,11493.47983990796
2025-03-04 00:00:00+00:00,11493.47983990796
2025-03-05 00:00:00+00:00,11493.47983990796
2025-03-06 00:00:00+00:00,11493.47983990796
2025-03-07 00:00:00+00:00,11493.47983990796
2025-03-08 00:00:00+00:00,11493.47983990796
2025-03-09 00:00:00+00:00,11493.47983990796
2025-03-10 00:00:00+00:00,11493.47983990796
2025-03-11 00:00:00+00:00,11493.47983990796
2025-03-12 00:00:00+00:00,11493.47983990796
2025-03-13 00:00:00+00:00,11493.47983990796
2025-03-14 00:00:00+00:00,11493.47983990796
2025-03-15 00:00:00+00:00,11493.47983990796
2025-03-16 00:00:00+00:00,11493.47983990796
2025-03-17 00:00:00+00:00,11493.47983990796
2025-03-18 00:00:00+00:00,11493.47983990796
2025-03-19 00:00:00+00:00,11493.47983990796
2025-03-20 00:00:00+00:00,11493.47983990796
2025-03-21 00:00:00+00:00,11493.47983990796
2025-03-22 00:00:00+00:00,11493.47983990796
2025-03-23 00:00:00+00:00,11493.47983990796
2025-03-24 00:00:00+00:00,11493.47983990796
2025-03-25 00:00:00+00:00,11493.47983990796
2025-03-26 00:00:00+00:00,11493.47983990796
2025-03-27 00:00:00+00:00,11493.47983990796
2025-03-28 00:00:00+00:00,11493.47983990796
2025-03-29 00:00:00+00:00,11493.47983990796
2025-03-30 00:00:00+00:00,11493.47983990796
2025-03-31 00:00:00+00:00,11493.47983990796
2025-04-01 00:00:00+00:00,11493.47983990796
2025-04-02 00:00:00+00:00,11493.47983990796
2025-04-03 00:00:00+00:00,11493.47983990796
2025-04-04 00:00:00+00:00,11493.47983990796
2025-04-05 00:00:00+00:00,11493.47983990796
2025-04-06 00:00:00+00:00,11493.47983990796
2025-04-07 00:00:00+00:00,11493.47983990796
2025-04-08 00:00:00+00:00,11493.47983990796
2025-04-09 00:00:00+00:00,11493.47983990796
2025-04-10 00:00:00+00:00,11493.47983990796
2025-04-11 00:00:00+00:00,11493.47983990796
2025-04-12 00:00:00+00:00,11493.47983990796
2025-04-13 00:00:00+00:00,11493.47983990796
2025-04-14 00:00:00+00:00,11493.47983990796
2025-04-15 00:00:00+00:00,11493.47983990796
2025-04-16 00:00:00+00:00,11493.47983990796
2025-04-17 00:00:00+00:00,11493.47983990796
2025-04-18 00:00:00+00:00,11493.47983990796
2025-04-19 00:00:00+00:00,11493.47983990796
2025-04-20 00:00:00+00:00,11493.47983990796
2025-04-21 00:00:00+00:00,11493.47983990796
2025-04-22 00:00:00+00:00,11493.47983990796
2025-04-23 00:00:00+00:00,11493.47983990796
2025-04-24 00:00:00+00:00,11493.47983990796
2025-04-25 00:00:00+00:00,11493.47983990796
2025-04-26 00:00:00+00:00,11493.47983990796
2025-04-27 00:00:00+00:00,11493.47983990796
2025-04-28 00:00:00+00:00,11493.47983990796
2025-04-29 00:00:00+00:00,11493.47983990796
2025-04-30 00:00:00+00:00,11493.47983990796
2025-05-01 00:00:00+00:00,11493.47983990796
2025-05-02 00:00:00+00:00,11493.47983990796
2025-05-03 00:00:00+00:00,11500.86543174796
2025-05-04 00:00:00+00:00,11481.413302166824
2025-05-05 00:00:00+00:00,11451.390722074137
2025-05-06 00:00:00+00:00,11460.272394368207
2025-05-07 00:00:00+00:00,11500.085099091932
2025-05-08 00:00:00+00:00,11503.639380521146
2025-05-09 00:00:00+00:00,11621.960495190564
2025-05-10 00:00:00+00:00,11616.044561675602
2025-05-11 00:00:00+00:00,11650.66792868225
2025-05-12 00:00:00+00:00,11636.581205273449
2025-05-13 00:00:00+00:00,11610.915295036633
2025-05-14 00:00:00+00:00,11635.956093220533
2025-05-15 00:00:00+00:00,11623.693864800493
2025-05-16 00:00:00+00:00,11628.373749699125
2025-05-17 00:00:00+00:00,11622.298856032838
2025-05-18 00:00:00+00:00,11615.846672699796
2025-05-19 00:00:00+00:00,11678.63516799707
2025-05-20 00:00:00+00:00,11661.70529360757
2025-05-21 00:00:00+00:00,11685.470919557834
2025-05-22 00:00:00+00:00,11738.422717921834
2025-05-23 00:00:00+00:00,11776.808743201835
2025-05-24 00:00:00+00:00,11692.841387536611
2025-05-25 00:00:00+00:00,11700.636880571206
2025-05-26 00:00:00+00:00,11724.140131743228
2025-05-27 00:00:00+00:00,11731.765948177908
2025-05-28 00:00:00+00:00,11721.951981685044
2025-05-29 00:00:00+00:00,11699.570906558227
2025-05-30 00:00:00+00:00,11657.795846906574
2025-05-31 00:00:00+00:00,11627.30975797617
2025-06-01 00:00:00+00:00,11638.199334247824
2025-06-02 00:00:00+00:00,11637.683566175445
2025-06-03 00:00:00+00:00,11637.683566175445
2025-06-04 00:00:00+00:00,11637.683566175445
2025-06-05 00:00:00+00:00,11637.683566175445
2025-06-06 00:00:00+00:00,11637.683566175445
2025-06-07 00:00:00+00:00,11637.683566175445
2025-06-08 00:00:00+00:00,11637.683566175445
2025-06-09 00:00:00+00:00,11637.683566175445
2025-06-10 00:00:00+00:00,11637.683566175445
2025-06-11 00:00:00+00:00,11637.683566175445
2025-06-12 00:00:00+00:00,11637.683566175445
2025-06-13 00:00:00+00:00,11637.683566175445
2025-06-14 00:00:00+00:00,11637.683566175445
2025-06-15 00:00:00+00:00,11637.683566175445
2025-06-16 00:00:00+00:00,11637.683566175445
2025-06-17 00:00:00+00:00,11637.683566175445
2025-06-18 00:00:00+00:00,11637.683566175445
2025-06-19 00:00:00+00:00,11637.683566175445
2025-06-20 00:00:00+00:00,11637.683566175445
2025-06-21 00:00:00+00:00,11637.683566175445
2025-06-22 00:00:00+00:00,11637.683566175445
2025-06-23 00:00:00+00:00,11637.683566175445
2025-06-24 00:00:00+00:00,11637.683566175445
2025-06-25 00:00:00+00:00,11637.683566175445
2025-06-26 00:00:00+00:00,11637.683566175445
2025-06-27 00:00:00+00:00,11637.683566175445
2025-06-28 00:00:00+00:00,11637.683566175445
2025-06-29 00:00:00+00:00,11637.683566175445
2025-06-30 00:00:00+00:00,11637.683566175445
2025-07-01 00:00:00+00:00,11637.683566175445
2025-07-02 00:00:00+00:00,11637.683566175445
2025-07-03 00:00:00+00:00,11637.683566175445
2025-07-04 00:00:00+00:00,11637.683566175445
2025-07-05 00:00:00+00:00,11637.683566175445
2025-07-06 00:00:00+00:00,11637.683566175445
2025-07-07 00:00:00+00:00,11637.683566175445
2025-07-08 00:00:00+00:00,11637.683566175445
2025-07-09 00:00:00+00:00,11637.683566175445
2025-07-10 00:00:00+00:00,11637.683566175445
2025-07-11 00:00:00+00:00,11742.341087055445
2025-07-12 00:00:00+00:00,11775.033224335444
2025-07-13 00:00:00+00:00,11771.822324335444
2025-07-14 00:00:00+00:00,11807.325554295445
2025-07-15 00:00:00+00:00,11823.711342757719
2025-07-16 00:00:00+00:00,11777.204553857719
2025-07-17 00:00:00+00:00,11795.175879097718
2025-07-18 00:00:00+00:00,11807.28298047772
2025-07-19 00:00:00+00:00,11778.332015577718
2025-07-20 00:00:00+00:00,11775.749898677717
2025-07-21 00:00:00+00:00,11761.80752429772
2025-07-22 00:00:00+00:00,11763.54629803772
2025-07-23 00:00:00+00:00,11821.368918717719
2025-07-24 00:00:00+00:00,11792.412560297718
2025-07-25 00:00:00+00:00,11782.406651857718
2025-07-26 00:00:00+00:00,11765.988308817718
2025-07-27 00:00:00+00:00,11771.937658377718
2025-07-28 00:00:00+00:00,11804.91198899772
2025-07-29 00:00:00+00:00,11773.719793897719
2025-07-30 00:00:00+00:00,11769.76391999772
2025-07-31 00:00:00+00:00,11766.213799137719
2025-08-01 00:00:00+00:00,11719.92667679617
2025-08-02 00:00:00+00:00,11665.823487066438
2025-08-03 00:00:00+00:00,11649.378835652744
2025-08-04 00:00:00+00:00,11685.065468943623
2025-08-05 00:00:00+00:00,11703.447029660461
2025-08-06 00:00:00+00:00,11682.414028001473
2025-08-07 00:00:00+00:00,11701.014286083153
2025-08-08 00:00:00+00:00,11755.077421105312
2025-08-09 00:00:00+00:00,11737.347320169623
2025-08-10 00:00:00+00:00,11736.242144348731
2025-08-11 00:00:00+00:00,11736.242144348731
2025-08-12 00:00:00+00:00,11736.242144348731
2025-08-13 00:00:00+00:00,11736.242144348731
2025-08-14 00:00:00+00:00,11736.242144348731
2025-08-15 00:00:00+00:00,11634.114848748732
2025-08-16 00:00:00+00:00,11614.532023894291
2025-08-17 00:00:00+00:00,11614.928865303671
2025-08-18 00:00:00+00:00,11615.064789325592
2025-08-19 00:00:00+00:00,11591.48569730679
2025-08-20 00:00:00+00:00,11523.912757803271
2025-08-21 00:00:00+00:00,11551.594087460013
2025-08-22 00:00:00+00:00,11516.055408812612
2025-08-23 00:00:00+00:00,11503.126216627506
2025-08-24 00:00:00+00:00,11503.126216627506
2025-08-25 00:00:00+00:00,11503.126216627506
2025-08-26 00:00:00+00:00,11503.126216627506
2025-08-27 00:00:00+00:00,11503.126216627506
2025-08-28 00:00:00+00:00,11503.126216627506
2025-08-29 00:00:00+00:00,11503.126216627506
2025-08-30 00:00:00+00:00,11503.126216627506
2025-08-31 00:00:00+00:00,11503.126216627506
2025-09-01 00:00:00+00:00,11503.126216627506
2025-09-02 00:00:00+00:00,11503.126216627506
2025-09-03 00:00:00+00:00,11503.126216627506
2025-09-04 00:00:00+00:00,11503.126216627506
2025-09-05 00:00:00+00:00,11503.126216627506
2025-09-06 00:00:00+00:00,11503.126216627506
2025-09-07 00:00:00+00:00,11503.126216627506
2025-09-08 00:00:00+00:00,11503.126216627506
2025-09-09 00:00:00+00:00,11503.126216627506
2025-09-10 00:00:00+00:00,11503.126216627506
2025-09-11 00:00:00+00:00,11503.126216627506
2025-09-12 00:00:00+00:00,11503.126216627506
2025-09-13 00:00:00+00:00,11503.126216627506
2025-09-14 00:00:00+00:00,11503.126216627506
2025-09-15 00:00:00+00:00,11503.126216627506
2025-09-16 00:00:00+00:00,11503.126216627506
2025-09-17 00:00:00+00:00,11503.126216627506
2025-09-18 00:00:00+00:00,11503.126216627506
2025-09-19 00:00:00+00:00,11503.126216627506
2025-09-20 00:00:00+00:00,11503.126216627506
2025-09-21 00:00:00+00:00,11503.126216627506
2025-09-22 00:00:00+00:00,11503.126216627506
2025-09-23 00:00:00+00:00,11503.126216627506
2025-09-24 00:00:00+00:00,11503.126216627506
2025-09-25 00:00:00+00:00,11503.126216627506
2025-09-26 00:00:00+00:00,11503.126216627506
2025-09-27 00:00:00+00:00,11503.126216627506
2025-09-28 00:00:00+00:00,11503.126216627506
2025-09-29 00:00:00+00:00,11503.126216627506
2025-09-30 00:00:00+00:00,11503.126216627506
2025-10-01 00:00:00+00:00,11503.126216627506
2025-10-02 00:00:00+00:00,11503.126216627506
2025-10-03 00:00:00+00:00,11545.049187827508
2025-10-04 00:00:00+00:00,11581.686772683071
2025-10-05 00:00:00+00:00,11584.456741253407
2025-10-06 00:00:00+00:00,11607.53434722355
2025-10-07 00:00:00+00:00,11633.343678654139
2025-10-08 00:00:00+00:00,11559.139650175954
2025-10-09 00:00:00+00:00,11601.583009589178
2025-10-10 00:00:00+00:00,11564.881672043206
2025-10-11 00:00:00+00:00,11272.029537776933
2025-10-12 00:00:00+00:00,11272.029537776933
2025-10-13 00:00:00+00:00,11272.029537776933
2025-10-14 00:00:00+00:00,11272.029537776933
2025-10-15 00:00:00+00:00,11272.029537776933
2025-10-16 00:00:00+00:00,11272.029537776933
2025-10-17 00:00:00+00:00,11272.029537776933
2025-10-18 00:00:00+00:00,11272.029537776933
2025-10-19 00:00:00+00:00,11272.029537776933
2025-10-20 00:00:00+00:00,11272.029537776933
2025-10-21 00:00:00+00:00,11272.029537776933
2025-10-22 00:00:00+00:00,11272.029537776933
2025-10-23 00:00:00+00:00,11272.029537776933
2025-10-24 00:00:00+00:00,11272.029537776933
2025-10-25 00:00:00+00:00,11272.029537776933
2025-10-26 00:00:00+00:00,11272.029537776933
2025-10-27 00:00:00+00:00,11272.029537776933
2025-10-28 00:00:00+00:00,11272.029537776933
2025-10-29 00:00:00+00:00,11272.029537776933
2025-10-30 00:00:00+00:00,11272.029537776933
2025-10-31 00:00:00+00:00,11272.029537776933
2025-11-01 00:00:00+00:00,11272.029537776933
2025-11-02 00:00:00+00:00,11272.029537776933
2025-11-03 00:00:00+00:00,11272.029537776933
2025-11-04 00:00:00+00:00,11272.029537776933
2025-11-05 00:00:00+00:00,11272.029537776933
2025-11-06 00:00:00+00:00,11240.737367256934
2025-11-07 00:00:00+00:00,11273.866880246884
2025-11-08 00:00:00+00:00,11248.103380179748
2025-11-09 00:00:00+00:00,11261.765656740654
2025-11-10 00:00:00+00:00,11230.70158286911
2025-11-11 00:00:00+00:00,11214.146009747074
2025-11-12 00:00:00+00:00,11252.713317528129
2025-11-13 00:00:00+00:00,11271.032963915117
2025-11-14 00:00:00+00:00,11296.638596810375
2025-11-15 00:00:00+00:00,11363.407642604983
2025-11-16 00:00:00+00:00,11350.507707752891
2025-11-17 00:00:00+00:00,11368.217656596751
2025-11-18 00:00:00+00:00,11395.221631027849
2025-11-19 00:00:00+00:00,11385.792305733497
2025-11-20 00:00:00+00:00,11404.295467319289
2025-11-21 00:00:00+00:00,11468.37094844115
2025-11-22 00:00:00+00:00,11488.101119526866
2025-11-23 00:00:00+00:00,11493.500052968586
2025-11-24 00:00:00+00:00,11465.99597452737
2025-11-25 00:00:00+00:00,11447.33911610852
2025-11-26 00:00:00+00:00,11459.265692596022
2025-11-27 00:00:00+00:00,11418.885941257953
2025-11-28 00:00:00+00:00,11407.834759772972
2025-11-29 00:00:00+00:00,11413.684057787923
2025-11-30 00:00:00+00:00,11414.789168418158
2025-12-01 00:00:00+00:00,11420.725873207522
2025-12-02 00:00:00+00:00,11473.849589302128
2025-12-03 00:00:00+00:00,11408.815243090163
2025-12-04 00:00:00+00:00,11381.17529241675
2025-12-05 00:00:00+00:00,11398.754432793263
2025-12-06 00:00:00+00:00,11398.636845579156
2025-12-07 00:00:00+00:00,11398.636845579156
2025-12-08 00:00:00+00:00,11398.636845579156
2025-12-09 00:00:00+00:00,11398.636845579156
2025-12-10 00:00:00+00:00,11398.636845579156
2025-12-11 00:00:00+00:00,11398.636845579156
2025-12-12 00:00:00+00:00,11398.636845579156
2025-12-13 00:00:00+00:00,11398.636845579156
2025-12-14 00:00:00+00:00,11398.636845579156
2025-12-15 00:00:00+00:00,11398.636845579156
2025-12-16 00:00:00+00:00,11398.636845579156
2025-12-17 00:00:00+00:00,11398.636845579156
2025-12-18 00:00:00+00:00,11398.636845579156
2025-12-19 00:00:00+00:00,11398.636845579156
2025-12-20 00:00:00+00:00,11398.636845579156
2025-12-21 00:00:00+00:00,11398.636845579156
2025-12-22 00:00:00+00:00,11398.636845579156
2025-12-23 00:00:00+00:00,11398.636845579156
2025-12-24 00:00:00+00:00,11398.636845579156
2025-12-25 00:00:00+00:00,11398.636845579156
2025-12-26 00:00:00+00:00,11398.636845579156
2025-12-27 00:00:00+00:00,11398.636845579156
2025-12-28 00:00:00+00:00,11398.636845579156
2025-12-29 00:00:00+00:00,11398.636845579156
2025-12-30 00:00:00+00:00,11398.636845579156
2025-12-31 00:00:00+00:00,11398.636845579156
2026-01-01 00:00:00+00:00,11398.636845579156
2026-01-02 00:00:00+00:00,11398.636845579156
2026-01-03 00:00:00+00:00,11398.636845579156
2026-01-04 00:00:00+00:00,11398.636845579156
2026-01-05 00:00:00+00:00,11398.636845579156
2026-01-06 00:00:00+00:00,11398.636845579156
2026-01-07 00:00:00+00:00,11398.636845579156
2026-01-08 00:00:00+00:00,11398.636845579156
2026-01-09 00:00:00+00:00,11398.636845579156
2026-01-10 00:00:00+00:00,11398.636845579156
2026-01-11 00:00:00+00:00,11398.636845579156
2026-01-12 00:00:00+00:00,11398.636845579156
2026-01-13 00:00:00+00:00,11398.636845579156
2026-01-14 00:00:00+00:00,11398.636845579156
2026-01-15 00:00:00+00:00,11398.636845579156
2026-01-16 00:00:00+00:00,11398.636845579156
2026-01-17 00:00:00+00:00,11398.636845579156
2026-01-18 00:00:00+00:00,11398.636845579156
2026-01-19 00:00:00+00:00,11398.636845579156
2026-01-20 00:00:00+00:00,11398.636845579156
2026-01-21 00:00:00+00:00,11398.636845579156
2026-01-22 00:00:00+00:00,11398.636845579156
2026-01-23 00:00:00+00:00,11398.636845579156
2026-01-24 00:00:00+00:00,11398.636845579156
2026-01-25 00:00:00+00:00,11398.636845579156
2026-01-26 00:00:00+00:00,11398.636845579156
2026-01-27 00:00:00+00:00,11398.636845579156
2026-01-28 00:00:00+00:00,11398.636845579156
2026-01-29 00:00:00+00:00,11398.636845579156
2026-01-30 00:00:00+00:00,11398.636845579156
2026-01-31 00:00:00+00:00,11406.540805839157
2026-02-01 00:00:00+00:00,11522.488016634601
2026-02-02 00:00:00+00:00,11559.800323926132
2026-02-03 00:00:00+00:00,11522.678963760565
2026-02-04 00:00:00+00:00,11584.834073505792
2026-02-05 00:00:00+00:00,11639.460884233344
2026-02-06 00:00:00+00:00,11855.185514195095
2026-02-07 00:00:00+00:00,11693.60137641143
2026-02-08 00:00:00+00:00,11720.306414745637
2026-02-09 00:00:00+00:00,11698.422713525997
2026-02-10 00:00:00+00:00,11702.070938768209
2026-02-11 00:00:00+00:00,11729.149705407091
2026-02-12 00:00:00+00:00,11765.800324968075
2026-02-13 00:00:00+00:00,11782.843116756196
2026-02-14 00:00:00+00:00,11728.770111572068
2026-02-15 00:00:00+00:00,11708.338025970133
2026-02-16 00:00:00+00:00,11729.324480836782
2026-02-17 00:00:00+00:00,11727.878544876012
2026-02-18 00:00:00+00:00,11757.194279218284
2026-02-19 00:00:00+00:00,11779.404006070927
2026-02-20 00:00:00+00:00,11767.767710379485
2026-02-21 00:00:00+00:00,11746.74074123541
2026-02-22 00:00:00+00:00,11747.856210280337
2026-02-23 00:00:00+00:00,11754.649754023503
2026-02-24 00:00:00+00:00,11817.389750160784
2026-02-25 00:00:00+00:00,11829.933027972143
2026-02-26 00:00:00+00:00,11747.607191067504
2026-02-27 00:00:00+00:00,11758.210062959528
2026-02-28 00:00:00+00:00,11791.927879692757
2026-03-01 00:00:00+00:00,11768.749601882797
2026-03-02 00:00:00+00:00,11768.566475824508
2026-03-03 00:00:00+00:00,11768.566475824508
2026-03-04 00:00:00+00:00,11768.566475824508
2026-03-05 00:00:00+00:00,11768.566475824508
2026-03-06 00:00:00+00:00,11768.566475824508
2026-03-07 00:00:00+00:00,11768.566475824508
2026-03-08 00:00:00+00:00,11768.566475824508
2026-03-09 00:00:00+00:00,11768.566475824508
2026-03-10 00:00:00+00:00,11768.566475824508
2026-03-11 00:00:00+00:00,11768.566475824508
2026-03-12 00:00:00+00:00,11768.566475824508
2026-03-13 00:00:00+00:00,11768.566475824508
2026-03-14 00:00:00+00:00,11768.566475824508
2026-03-15 00:00:00+00:00,11768.566475824508
2026-03-16 00:00:00+00:00,11768.566475824508
2026-03-17 00:00:00+00:00,11768.566475824508
2026-03-18 00:00:00+00:00,11768.566475824508
2026-03-19 00:00:00+00:00,11768.566475824508
2026-03-20 00:00:00+00:00,11768.566475824508
2026-03-21 00:00:00+00:00,11768.566475824508
2026-03-22 00:00:00+00:00,11768.566475824508
2026-03-23 00:00:00+00:00,11768.566475824508
2026-03-24 00:00:00+00:00,11768.566475824508
2026-03-25 00:00:00+00:00,11768.566475824508
2026-03-26 00:00:00+00:00,11768.566475824508
2026-03-27 00:00:00+00:00,11768.566475824508
2026-03-28 00:00:00+00:00,11768.566475824508
2026-03-29 00:00:00+00:00,11768.566475824508
2026-03-30 00:00:00+00:00,11768.566475824508
2026-03-31 00:00:00+00:00,11768.566475824508
2026-04-01 00:00:00+00:00,11768.566475824508
2026-04-02 00:00:00+00:00,11768.566475824508
2026-04-03 00:00:00+00:00,11768.566475824508
2026-04-04 00:00:00+00:00,11768.566475824508
2026-04-05 00:00:00+00:00,11768.566475824508
2026-04-06 00:00:00+00:00,11768.566475824508
2026-04-07 00:00:00+00:00,11768.566475824508
2026-04-08 00:00:00+00:00,11768.566475824508
2026-04-09 00:00:00+00:00,11768.566475824508
2026-04-10 00:00:00+00:00,11768.566475824508
2026-04-11 00:00:00+00:00,11768.566475824508
2026-04-12 00:00:00+00:00,11768.566475824508
2026-04-13 00:00:00+00:00,11768.566475824508
2026-04-14 00:00:00+00:00,11768.566475824508
2026-04-15 00:00:00+00:00,11768.566475824508
2026-04-16 00:00:00+00:00,11768.566475824508
2026-04-17 00:00:00+00:00,11768.566475824508
2026-04-18 00:00:00+00:00,11768.566475824508
2026-04-19 00:00:00+00:00,11768.566475824508
2026-04-20 00:00:00+00:00,11768.566475824508
2026-04-21 00:00:00+00:00,11768.566475824508
2026-04-22 00:00:00+00:00,11768.566475824508
2026-04-23 00:00:00+00:00,11768.566475824508
2026-04-24 00:00:00+00:00,11768.566475824508
2026-04-25 00:00:00+00:00,11768.566475824508
2026-04-26 00:00:00+00:00,11768.566475824508
2026-04-27 00:00:00+00:00,11768.566475824508
2026-04-28 00:00:00+00:00,11768.566475824508
2026-04-29 00:00:00+00:00,11768.566475824508
2026-04-30 00:00:00+00:00,11768.566475824508
2026-05-01 00:00:00+00:00,11768.566475824508
2026-05-02 00:00:00+00:00,11768.566475824508
2026-05-03 00:00:00+00:00,11768.566475824508
2026-05-04 00:00:00+00:00,11768.566475824508
2026-05-05 00:00:00+00:00,11768.566475824508
2026-05-06 00:00:00+00:00,11768.566475824508
2026-05-07 00:00:00+00:00,11768.566475824508
2026-05-08 00:00:00+00:00,11768.566475824508
2026-05-09 00:00:00+00:00,11768.566475824508
2026-05-10 00:00:00+00:00,11768.566475824508
2026-05-11 00:00:00+00:00,11768.566475824508
2026-05-12 00:00:00+00:00,11768.566475824508
2026-05-13 00:00:00+00:00,11768.566475824508
2026-05-14 00:00:00+00:00,11768.566475824508
2026-05-15 00:00:00+00:00,11768.566475824508
2026-05-16 00:00:00+00:00,11768.566475824508
2026-05-17 00:00:00+00:00,11768.566475824508
2026-05-18 00:00:00+00:00,11768.566475824508
2026-05-19 00:00:00+00:00,11768.566475824508
2026-05-20 00:00:00+00:00,11768.566475824508
2026-05-21 00:00:00+00:00,11768.566475824508
2026-05-22 00:00:00+00:00,11768.566475824508
2026-05-23 00:00:00+00:00,11768.566475824508
2026-05-24 00:00:00+00:00,11768.566475824508
2026-05-25 00:00:00+00:00,11768.566475824508
2026-05-26 00:00:00+00:00,11768.566475824508
2026-05-27 00:00:00+00:00,11768.566475824508
2026-05-28 00:00:00+00:00,11768.566475824508
2026-05-29 00:00:00+00:00,11768.566475824508
2026-05-30 00:00:00+00:00,11772.872445704506
2026-05-31 00:00:00+00:00,11760.749894809485
2026-06-01 00:00:00+00:00,11766.99876856107
2026-06-02 00:00:00+00:00,11833.018268800419
2026-06-03 00:00:00+00:00,11968.705589324643
2026-06-04 00:00:00+00:00,12044.89565194387
2026-06-05 00:00:00+00:00,12052.618867680421
2026-06-06 00:00:00+00:00,12134.711339061627
2026-06-07 00:00:00+00:00,12139.724496695026
2026-06-08 00:00:00+00:00,12068.714961193598
2026-06-09 00:00:00+00:00,12075.822859044989
2026-06-10 00:00:00+00:00,12115.385032143851
2026-06-11 00:00:00+00:00,12121.504179996813
2026-06-12 00:00:00+00:00,12060.271724582613
2026-06-13 00:00:00+00:00,12061.784397884474
2026-06-14 00:00:00+00:00,12036.636711828125
2026-06-15 00:00:00+00:00,11999.1713658195
2026-06-16 00:00:00+00:00,11982.190673755651
2026-06-17 00:00:00+00:00,12000.757737754639
2026-06-18 00:00:00+00:00,12034.603677343119
2026-06-19 00:00:00+00:00,12079.619916693082
2026-06-20 00:00:00+00:00,12062.751334067243
2026-06-21 00:00:00+00:00,12041.015714413243
2026-06-22 00:00:00+00:00,12069.668939683572
2026-06-23 00:00:00+00:00,12049.515778745485
2026-06-24 00:00:00+00:00,12087.097925735588
2026-06-25 00:00:00+00:00,12134.895881251134
2026-06-26 00:00:00+00:00,12171.966439071324
2026-06-27 00:00:00+00:00,12163.584389190124
2026-06-28 00:00:00+00:00,12165.895055512256
2026-06-29 00:00:00+00:00,12165.718902557242
2026-06-30 00:00:00+00:00,12165.718902557242
2026-07-01 00:00:00+00:00,12165.718902557242
2026-07-02 00:00:00+00:00,12165.718902557242
2026-07-03 00:00:00+00:00,12165.718902557242
2026-07-04 00:00:00+00:00,12165.718902557242
2026-07-05 00:00:00+00:00,12165.718902557242
2026-07-06 00:00:00+00:00,12165.718902557242
2026-07-07 00:00:00+00:00,12165.718902557242
2026-07-08 00:00:00+00:00,12165.718902557242
2026-07-09 00:00:00+00:00,12165.718902557242
2026-07-10 00:00:00+00:00,12165.718902557242
2026-07-11 00:00:00+00:00,12165.718902557242
2026-07-12 00:00:00+00:00,12165.718902557242
2026-07-13 00:00:00+00:00,12165.718902557242
2026-07-14 00:00:00+00:00,12165.718902557242
2026-07-15 00:00:00+00:00,12165.718902557242
2026-07-16 00:00:00+00:00,12165.718902557242
2026-07-17 00:00:00+00:00,12165.718902557242
2026-07-18 00:00:00+00:00,12165.718902557242
2026-07-19 00:00:00+00:00,12165.718902557242
2026-07-20 00:00:00+00:00,12165.718902557242
2026-07-21 00:00:00+00:00,12165.718902557242
2026-07-22 00:00:00+00:00,12165.718902557242
2026-07-23 00:00:00+00:00,12165.718902557242
2026-07-24 00:00:00+00:00,12165.718902557242
2026-07-25 00:00:00+00:00,12165.718902557242
2026-07-26 00:00:00+00:00,12165.718902557242
2026-07-27 00:00:00+00:00,12165.718902557242
2026-07-28 00:00:00+00:00,12165.718902557242
2026-07-29 00:00:00+00:00,12165.718902557242
2026-07-30 00:00:00+00:00,12165.718902557242
2026-07-31 00:00:00+00:00,12165.718902557242
2026-08-01 00:00:00+00:00,12165.718902557242
2026-08-02 00:00:00+00:00,12165.718902557242
2026-08-03 00:00:00+00:00,12165.718902557242
2026-08-04 00:00:00+00:00,12165.718902557242
2026-08-05 00:00:00+00:00,12165.718902557242
2026-08-06 00:00:00+00:00,12165.718902557242
2026-08-07 00:00:00+00:00,12165.718902557242
2026-08-08 00:00:00+00:00,12165.718902557242
2026-08-09 00:00:00+00:00,12165.718902557242
2026-08-10 00:00:00+00:00,12165.718902557242
2026-08-11 00:00:00+00:00,12165.718902557242
2026-08-12 00:00:00+00:00,12165.718902557242
2026-08-13 00:00:00+00:00,12165.718902557242
2026-08-14 00:00:00+00:00,12165.718902557242
2026-08-15 00:00:00+00:00,12165.718902557242
2026-08-16 00:00:00+00:00,12165.718902557242
2026-08-17 00:00:00+00:00,12165.718902557242
2026-08-18 00:00:00+00:00,12165.718902557242
2026-08-19 00:00:00+00:00,12165.718902557242
2026-08-20 00:00:00+00:00,12165.718902557242
2026-08-21 00:00:00+00:00,12165.718902557242
2026-08-22 00:00:00+00:00,12165.718902557242
2026-08-23 00:00:00+00:00,12165.718902557242
2026-08-24 00:00:00+00:00,12165.718902557242
2026-08-25 00:00:00+00:00,12165.718902557242
2026-08-26 00:00:00+00:00,12165.718902557242
2026-08-27 00:00:00+00:00,12165.718902557242
2026-08-28 00:00:00+00:00,12165.718902557242
2026-08-29 00:00:00+00:00,12165.718902557242
2026-08-30 00:00:00+00:00,12165.718902557242
2026-08-31 00:00:00+00:00,12165.718902557242
2026-09-01 00:00:00+00:00,12165.718902557242
